refmet_name,refmet_id,super_class,main_class,sub_class,diet_source_reported_names,diet_analysis_ids,diet_analysis_feature_ids,exercise_source_reported_names,exercise_analysis_ids,exercise_analysis_feature_ids,mapping_status,mapping_confidence,mapping_evidence,exercise_standard_collision,include_in_conservative_biological_overlap,decision_reason
"1,7-Dimethyluric acid",RM0033507,Nucleic acids,Purines,Xanthines,"1,7-Dimethyluric acid",AN002533; AN002536,ST001521|AN002533|ME367555; ST001521|AN002536|ME367993,"1,7-Dimethyluric acid",AN005484,ST003348|AN005484|ME875630,exact_case_sensitive_refmet_name_intersection,repository-provided RefMet mapping; nomenclature bridge only,Exact case-sensitive equality of nonblank MW refmet_name fields; RefMet class from cached exact-name lookup,False,True,Retain; no ST003348 isotope/internal-standard collision
1-Methyl nicotinamide,RM0030166,Alkaloids,Pyridine alkaloids,Nicotinic acid alkaloids,1-Methyl nicotinamide,AN002533,ST001521|AN002533|ME367488,1-Methylnicotinamide,AN005483,ST003348|AN005483|ME875275,exact_case_sensitive_refmet_name_intersection,repository-provided RefMet mapping; nomenclature bridge only,Exact case-sensitive equality of nonblank MW refmet_name fields; RefMet class from cached exact-name lookup,False,True,Retain; no ST003348 isotope/internal-standard collision
1-Methyladenosine,RM0156409,Nucleic acids,Purines,Purine ribonucleosides,1-Methyladenosine,AN002533,ST001521|AN002533|ME367549,1-Methyladenosine,AN005483,ST003348|AN005483|ME875412,exact_case_sensitive_refmet_name_intersection,repository-provided RefMet mapping; nomenclature bridge only,Exact case-sensitive equality of nonblank MW refmet_name fields; RefMet class from cached exact-name lookup,False,True,Retain; no ST003348 isotope/internal-standard collision
"12,13-DiHOME",RM0138124,Fatty Acyls,Octadecanoids,DiHOME,"12,13-DiHOME",AN002536,ST001521|AN002536|ME367916,"12,13-DHOME",AN005484,ST003348|AN005484|ME875744,exact_case_sensitive_refmet_name_intersection,repository-provided RefMet mapping; nomenclature bridge only,Exact case-sensitive equality of nonblank MW refmet_name fields; RefMet class from cached exact-name lookup,False,True,Retain; no ST003348 isotope/internal-standard collision
2-Aminocaprylic acid,RM0140624,Fatty Acyls,Fatty acids,Amino FA,2-Aminooctanoic acid,AN002533; AN002536,ST001521|AN002533|ME367571; ST001521|AN002536|ME367922,2-Aminooctanoic acid,AN005483,ST003348|AN005483|ME875299,exact_case_sensitive_refmet_name_intersection,repository-provided RefMet mapping; nomenclature bridge only,Exact case-sensitive equality of nonblank MW refmet_name fields; RefMet class from cached exact-name lookup,False,True,Retain; no ST003348 isotope/internal-standard collision
2-Hydroxyglutaric acid,RM0153554,Fatty Acyls,Fatty acids,Dicarboxylic acids,2-Hydroxyglutaric acid,AN002535,ST001521|AN002535|ME367900,2-Hydroxyglutaric acid,AN005484,ST003348|AN005484|ME875591,exact_case_sensitive_refmet_name_intersection,repository-provided RefMet mapping; nomenclature bridge only,Exact case-sensitive equality of nonblank MW refmet_name fields; RefMet class from cached exact-name lookup,False,True,Retain; no ST003348 isotope/internal-standard collision
2-Hydroxymyristic acid,RM0153127,Fatty Acyls,Fatty acids,Hydroxy FA,2-Hydroxymyristic acid,AN002536,ST001521|AN002536|ME367935,2-Hydroxymyristic acid(FFA(14:0-OH),AN005484,ST003348|AN005484|ME875663,exact_case_sensitive_refmet_name_intersection,repository-provided RefMet mapping; nomenclature bridge only,Exact case-sensitive equality of nonblank MW refmet_name fields; RefMet class from cached exact-name lookup,False,True,Retain; no ST003348 isotope/internal-standard collision
2-Methylguanosine,RM0156402,Nucleic acids,Purines,Purine ribonucleosides,2-Methylguanosine,AN002533,ST001521|AN002533|ME367550,2-Methylguanosine,AN005483,ST003348|AN005483|ME875427,exact_case_sensitive_refmet_name_intersection,repository-provided RefMet mapping; nomenclature bridge only,Exact case-sensitive equality of nonblank MW refmet_name fields; RefMet class from cached exact-name lookup,False,True,Retain; no ST003348 isotope/internal-standard collision
2-Oxoglutaric acid,RM0135911,Organic acids,TCA acids,TCA acids,Oxoglutaric acid,AN002535,ST001521|AN002535|ME367904,Oxoglutaric acid,AN005484,ST003348|AN005484|ME875590,exact_case_sensitive_refmet_name_intersection,repository-provided RefMet mapping; nomenclature bridge only,Exact case-sensitive equality of nonblank MW refmet_name fields; RefMet class from cached exact-name lookup,False,True,Retain; no ST003348 isotope/internal-standard collision
3-Dehydroxycarnitine,RM0136342,Fatty Acyls,Fatty esters,Acyl carnitines,3-Dehydroxycarnitine,AN002533,ST001521|AN002533|ME367489,4-Trimethylammoniobutanoic acid,AN005483,ST003348|AN005483|ME875286,exact_case_sensitive_refmet_name_intersection,repository-provided RefMet mapping; nomenclature bridge only,Exact case-sensitive equality of nonblank MW refmet_name fields; RefMet class from cached exact-name lookup,False,True,Retain; no ST003348 isotope/internal-standard collision
3-Hydroxydecanoic acid,RM0138800,Fatty Acyls,Fatty acids,Hydroxy FA,3-Hydroxydecanoic acid,AN002536,ST001521|AN002536|ME367927,3-Hydroxycapric acid(FFA(10:0-OH),AN005484,ST003348|AN005484|ME875623,exact_case_sensitive_refmet_name_intersection,repository-provided RefMet mapping; nomenclature bridge only,Exact case-sensitive equality of nonblank MW refmet_name fields; RefMet class from cached exact-name lookup,False,True,Retain; no ST003348 isotope/internal-standard collision
3-Hydroxyoctanoic acid,RM0139998,Fatty Acyls,Fatty acids,Hydroxy FA,3-Hydroxyoctanoic acid,AN002536,ST001521|AN002536|ME367924,3-Hydroxyoctanoic acid(FFA(8:0-OH),AN005484,ST003348|AN005484|ME875596,exact_case_sensitive_refmet_name_intersection,repository-provided RefMet mapping; nomenclature bridge only,Exact case-sensitive equality of nonblank MW refmet_name fields; RefMet class from cached exact-name lookup,False,True,Retain; no ST003348 isotope/internal-standard collision
3-Indolepropionic acid,RM0136180,Alkaloids,Tryptophan alkaloids,Indolecarboxylic acids,3-Indolepropionic acid,AN002535,ST001521|AN002535|ME367880,Indole-3-propionic acid,AN005483,ST003348|AN005483|ME875315,exact_case_sensitive_refmet_name_intersection,repository-provided RefMet mapping; nomenclature bridge only,Exact case-sensitive equality of nonblank MW refmet_name fields; RefMet class from cached exact-name lookup,False,True,Retain; no ST003348 isotope/internal-standard collision
4-Acetamidobutanoic acid,RM0042346,Organic acids,Amino acids and peptides,Amino acids,4-Acetamidobutanoic acid,AN002533,ST001521|AN002533|ME367559,4-Acetamidobutanoic acid,AN005483,ST003348|AN005483|ME875284,exact_case_sensitive_refmet_name_intersection,repository-provided RefMet mapping; nomenclature bridge only,Exact case-sensitive equality of nonblank MW refmet_name fields; RefMet class from cached exact-name lookup,False,True,Retain; no ST003348 isotope/internal-standard collision
4-Hydroxystyrene,RM0161661,Benzenoids,Benzenes,Styrenes,4-Hydroxystyrene,AN002536,ST001521|AN002536|ME367990,4-Vinylphenol sulfate,AN005484,ST003348|AN005484|ME875632,exact_case_sensitive_refmet_name_intersection,repository-provided RefMet mapping; nomenclature bridge only,Exact case-sensitive equality of nonblank MW refmet_name fields; RefMet class from cached exact-name lookup,False,True,Retain; no ST003348 isotope/internal-standard collision
4-Pyridoxic acid,RM0030084,Alkaloids,Pyridine alkaloids,Nicotinic acid alkaloids,4-Pyridoxic acid,AN002535,ST001521|AN002535|ME367864,4-Pyridoxic acid,AN005483,ST003348|AN005483|ME875560,exact_case_sensitive_refmet_name_intersection,repository-provided RefMet mapping; nomenclature bridge only,Exact case-sensitive equality of nonblank MW refmet_name fields; RefMet class from cached exact-name lookup,False,True,Retain; no ST003348 isotope/internal-standard collision
7-Methylguanine,RM0156417,Nucleic acids,Purines,Hypoxanthines,7-Methylguanine,AN002533,ST001521|AN002533|ME367566,7-Methylguanine,AN005483,ST003348|AN005483|ME875304,exact_case_sensitive_refmet_name_intersection,repository-provided RefMet mapping; nomenclature bridge only,Exact case-sensitive equality of nonblank MW refmet_name fields; RefMet class from cached exact-name lookup,False,True,Retain; no ST003348 isotope/internal-standard collision
"9,10-DiHOME",RM0074128,Fatty Acyls,Octadecanoids,DiHOME,"9,10-DiHOME",AN002536,ST001521|AN002536|ME367917,"9,10-DHOME",AN005484,ST003348|AN005484|ME875745,exact_case_sensitive_refmet_name_intersection,repository-provided RefMet mapping; nomenclature bridge only,Exact case-sensitive equality of nonblank MW refmet_name fields; RefMet class from cached exact-name lookup,False,True,Retain; no ST003348 isotope/internal-standard collision
Adenosine,RM0135870,Nucleic acids,Purines,Purine ribonucleosides,Adenosine,AN002533,ST001521|AN002533|ME367483,Adenosine,AN005483,ST003348|AN005483|ME875399,exact_case_sensitive_refmet_name_intersection,repository-provided RefMet mapping; nomenclature bridge only,Exact case-sensitive equality of nonblank MW refmet_name fields; RefMet class from cached exact-name lookup,False,True,Retain; no ST003348 isotope/internal-standard collision
Alanine,RM0135898,Organic acids,Amino acids and peptides,Amino acids,Alanine,AN002533,ST001521|AN002533|ME367439,Alanine+Sarcosine,AN005483,ST003348|AN005483|ME875552,exact_case_sensitive_refmet_name_intersection,repository-provided RefMet mapping; nomenclature bridge only,Exact case-sensitive equality of nonblank MW refmet_name fields; RefMet class from cached exact-name lookup,False,True,Retain; no ST003348 isotope/internal-standard collision
Allantoin,RM0118303,Organoheterocyclic compounds,Cyclic ureas,Ureides,Allantoin,AN002533,ST001521|AN002533|ME367468,Allantoin,AN005484,ST003348|AN005484|ME875594,exact_case_sensitive_refmet_name_intersection,repository-provided RefMet mapping; nomenclature bridge only,Exact case-sensitive equality of nonblank MW refmet_name fields; RefMet class from cached exact-name lookup,False,True,Retain; no ST003348 isotope/internal-standard collision
alpha-Linolenic acid,RM0152834,Fatty Acyls,Fatty acids,Unsaturated FA,alpha-Linolenic acid,AN002536,ST001521|AN002536|ME367943,Alpha-Linolenic acid(FFA(18:3n3),AN005484,ST003348|AN005484|ME875701,exact_case_sensitive_refmet_name_intersection,repository-provided RefMet mapping; nomenclature bridge only,Exact case-sensitive equality of nonblank MW refmet_name fields; RefMet class from cached exact-name lookup,False,True,Retain; no ST003348 isotope/internal-standard collision
alpha-N-Phenylacetylglutamine,RM0056200,Organic acids,Amino acids and peptides,Amino acids,alpha-N-Phenylacetylglutamine,AN002533,ST001521|AN002533|ME367614,Phenylacetylglutamine,AN005483,ST003348|AN005483|ME875295,exact_case_sensitive_refmet_name_intersection,repository-provided RefMet mapping; nomenclature bridge only,Exact case-sensitive equality of nonblank MW refmet_name fields; RefMet class from cached exact-name lookup,False,True,Retain; no ST003348 isotope/internal-standard collision
Aminoadipic acid,RM0049220,Organic acids,Amino acids and peptides,Amino acids,Aminoadipic acid,AN002535,ST001521|AN002535|ME367889,Aminoadipic acid,AN005484,ST003348|AN005484|ME875597,exact_case_sensitive_refmet_name_intersection,repository-provided RefMet mapping; nomenclature bridge only,Exact case-sensitive equality of nonblank MW refmet_name fields; RefMet class from cached exact-name lookup,False,True,Retain; no ST003348 isotope/internal-standard collision
Arachidic acid,RM0137828,Fatty Acyls,Fatty acids,Saturated FA,Arachidic acid,AN002536,ST001521|AN002536|ME367956,Arachidic acid(FFA(20:0),AN005484,ST003348|AN005484|ME875738,exact_case_sensitive_refmet_name_intersection,repository-provided RefMet mapping; nomenclature bridge only,Exact case-sensitive equality of nonblank MW refmet_name fields; RefMet class from cached exact-name lookup,False,True,Retain; no ST003348 isotope/internal-standard collision
Arachidonic acid,RM0153612,Fatty Acyls,Fatty acids,Unsaturated FA,Arachidonic acid,AN002536,ST001521|AN002536|ME367952,Arachidonic acid(FFA(20:4),AN005484,ST003348|AN005484|ME875728,exact_case_sensitive_refmet_name_intersection,repository-provided RefMet mapping; nomenclature bridge only,Exact case-sensitive equality of nonblank MW refmet_name fields; RefMet class from cached exact-name lookup,False,True,Retain; no ST003348 isotope/internal-standard collision
Arginine,RM0135963,Organic acids,Amino acids and peptides,Amino acids,Arginine,AN002533,ST001521|AN002533|ME367447,L-Arginine,AN005483,ST003348|AN005483|ME875428,exact_case_sensitive_refmet_name_intersection,repository-provided RefMet mapping; nomenclature bridge only,Exact case-sensitive equality of nonblank MW refmet_name fields; RefMet class from cached exact-name lookup,False,True,Retain; no ST003348 isotope/internal-standard collision
Asparagine,RM0135724,Organic acids,Amino acids and peptides,Amino acids,Asparagine,AN002533,ST001521|AN002533|ME367444,L-Asparagine,AN005483,ST003348|AN005483|ME875549,exact_case_sensitive_refmet_name_intersection,repository-provided RefMet mapping; nomenclature bridge only,Exact case-sensitive equality of nonblank MW refmet_name fields; RefMet class from cached exact-name lookup,False,True,Retain; no ST003348 isotope/internal-standard collision
Aspartic acid,RM0135905,Organic acids,Amino acids and peptides,Amino acids,Aspartic acid,AN002535,ST001521|AN002535|ME367888,L-Aspartic acid,AN005483,ST003348|AN005483|ME875544,exact_case_sensitive_refmet_name_intersection,repository-provided RefMet mapping; nomenclature bridge only,Exact case-sensitive equality of nonblank MW refmet_name fields; RefMet class from cached exact-name lookup,False,True,Retain; no ST003348 isotope/internal-standard collision
Azelaic acid,RM0153048,Fatty Acyls,Fatty acids,Dicarboxylic acids,Azelaic acid,AN002535; AN002536,ST001521|AN002535|ME367899; ST001521|AN002536|ME367984,Azelaic acid(FFA(9:0-DC),AN005484,ST003348|AN005484|ME875622,exact_case_sensitive_refmet_name_intersection,repository-provided RefMet mapping; nomenclature bridge only,Exact case-sensitive equality of nonblank MW refmet_name fields; RefMet class from cached exact-name lookup,False,True,Retain; no ST003348 isotope/internal-standard collision
Betaine,RM0135869,Organic acids,Amino acids and peptides,Amino acids,Betaine,AN002533,ST001521|AN002533|ME367475,Betaine,AN005483,ST003348|AN005483|ME875259,exact_case_sensitive_refmet_name_intersection,repository-provided RefMet mapping; nomenclature bridge only,Exact case-sensitive equality of nonblank MW refmet_name fields; RefMet class from cached exact-name lookup,False,True,Retain; no ST003348 isotope/internal-standard collision
Bilirubin,RM0135872,Organoheterocyclic compounds,Bilirubins,Bilirubins,Bilirubin,AN002533,ST001521|AN002533|ME367570,Bilirubin,AN005483,ST003348|AN005483|ME875558,exact_case_sensitive_refmet_name_intersection,repository-provided RefMet mapping; nomenclature bridge only,Exact case-sensitive equality of nonblank MW refmet_name fields; RefMet class from cached exact-name lookup,False,True,Retain; no ST003348 isotope/internal-standard collision
Biliverdin,RM0136810,Organoheterocyclic compounds,Bilirubins,Bilirubins,Biliverdin,AN002533,ST001521|AN002533|ME367607,Biliverdin; Biliverdin isomer1; Biliverdin isomer2; Biliverdin isomer3,AN005483,ST003348|AN005483|ME875533; ST003348|AN005483|ME875568; ST003348|AN005483|ME875569; ST003348|AN005483|ME875570,exact_case_sensitive_refmet_name_intersection,repository-provided RefMet mapping; nomenclature bridge only,Exact case-sensitive equality of nonblank MW refmet_name fields; RefMet class from cached exact-name lookup,False,True,Retain; no ST003348 isotope/internal-standard collision
Caffeine,RM0032992,Nucleic acids,Purines,Xanthines,Caffeine,AN002533,ST001521|AN002533|ME367608,Caffeine,AN005483,ST003348|AN005483|ME875337,exact_case_sensitive_refmet_name_intersection,repository-provided RefMet mapping; nomenclature bridge only,Exact case-sensitive equality of nonblank MW refmet_name fields; RefMet class from cached exact-name lookup,False,True,Retain; no ST003348 isotope/internal-standard collision
CAR 10:0,RM0153849,Fatty Acyls,Fatty esters,Acyl carnitines,CAR(10:0),AN002533,ST001521|AN002533|ME367505,Decanoylcarnitine(AcCa(10:0),AN005483,ST003348|AN005483|ME875439,exact_case_sensitive_refmet_name_intersection,repository-provided RefMet mapping; nomenclature bridge only,Exact case-sensitive equality of nonblank MW refmet_name fields; RefMet class from cached exact-name lookup,False,True,Retain; no ST003348 isotope/internal-standard collision
CAR 12:1,RM0154155,Fatty Acyls,Fatty esters,Acyl carnitines,CAR(12:1),AN002533,ST001521|AN002533|ME367508,Dodecenoylcarnitine(AcCa(12:1),AN005483,ST003348|AN005483|ME875447,exact_case_sensitive_refmet_name_intersection,repository-provided RefMet mapping; nomenclature bridge only,Exact case-sensitive equality of nonblank MW refmet_name fields; RefMet class from cached exact-name lookup,False,True,Retain; no ST003348 isotope/internal-standard collision
CAR 14:0,RM0154013,Fatty Acyls,Fatty esters,Acyl carnitines,CAR(14:0),AN002533,ST001521|AN002533|ME367509,Tetradecanoylcarnitine(AcCa(14:0),AN005483,ST003348|AN005483|ME875458,exact_case_sensitive_refmet_name_intersection,repository-provided RefMet mapping; nomenclature bridge only,Exact case-sensitive equality of nonblank MW refmet_name fields; RefMet class from cached exact-name lookup,False,True,Retain; no ST003348 isotope/internal-standard collision
CAR 14:1,RM0154190,Fatty Acyls,Fatty esters,Acyl carnitines,CAR(14:1),AN002533,ST001521|AN002533|ME367510,Tetradecenoylcarnitine(AcCa(14:1),AN005483,ST003348|AN005483|ME875457,exact_case_sensitive_refmet_name_intersection,repository-provided RefMet mapping; nomenclature bridge only,Exact case-sensitive equality of nonblank MW refmet_name fields; RefMet class from cached exact-name lookup,False,True,Retain; no ST003348 isotope/internal-standard collision
CAR 14:2,RM0154069,Fatty Acyls,Fatty esters,Acyl carnitines,CAR(14:2),AN002533,ST001521|AN002533|ME367511,Tetradecadiencarnitine(AcCa(14:2) 1,AN005483,ST003348|AN005483|ME875291,exact_case_sensitive_refmet_name_intersection,repository-provided RefMet mapping; nomenclature bridge only,Exact case-sensitive equality of nonblank MW refmet_name fields; RefMet class from cached exact-name lookup,False,True,Retain; no ST003348 isotope/internal-standard collision
CAR 16:0,RM0153848,Fatty Acyls,Fatty esters,Acyl carnitines,CAR(16:0),AN002533,ST001521|AN002533|ME367512,Hexadecenoylcarnitine(AcCa(16:1); Palmitoylcarnitine(AcCa(16:0),AN005483,ST003348|AN005483|ME875464; ST003348|AN005483|ME875465,exact_case_sensitive_refmet_name_intersection,repository-provided RefMet mapping; nomenclature bridge only,Exact case-sensitive equality of nonblank MW refmet_name fields; RefMet class from cached exact-name lookup,False,True,Retain; no ST003348 isotope/internal-standard collision
CAR 18:2,RM0154158,Fatty Acyls,Fatty esters,Acyl carnitines,CAR(18:2),AN002533,ST001521|AN002533|ME367515,Linoleylcarnitine(AcCa(18:2),AN005483,ST003348|AN005483|ME875467,exact_case_sensitive_refmet_name_intersection,repository-provided RefMet mapping; nomenclature bridge only,Exact case-sensitive equality of nonblank MW refmet_name fields; RefMet class from cached exact-name lookup,False,True,Retain; no ST003348 isotope/internal-standard collision
CAR 2:0,RM0154009,Fatty Acyls,Fatty esters,Acyl carnitines,CAR(2:0),AN002533,ST001521|AN002533|ME367493,L-Acetylcarnitine(AcCa(2:0),AN005483,ST003348|AN005483|ME875342,exact_case_sensitive_refmet_name_intersection,repository-provided RefMet mapping; nomenclature bridge only,Exact case-sensitive equality of nonblank MW refmet_name fields; RefMet class from cached exact-name lookup,False,True,Retain; no ST003348 isotope/internal-standard collision
CAR 3:0,RM0154041,Fatty Acyls,Fatty esters,Acyl carnitines,CAR(3:0),AN002533,ST001521|AN002533|ME367494,Propionylcarnitine(AcCa(3:0),AN005483,ST003348|AN005483|ME875352,exact_case_sensitive_refmet_name_intersection,repository-provided RefMet mapping; nomenclature bridge only,Exact case-sensitive equality of nonblank MW refmet_name fields; RefMet class from cached exact-name lookup,False,True,Retain; no ST003348 isotope/internal-standard collision
CAR 4:0,RM0153847,Fatty Acyls,Fatty esters,Acyl carnitines,CAR(4:0),AN002533,ST001521|AN002533|ME367496,Butyrylcarnitine(AcCa(4:0),AN005483,ST003348|AN005483|ME875369,exact_case_sensitive_refmet_name_intersection,repository-provided RefMet mapping; nomenclature bridge only,Exact case-sensitive equality of nonblank MW refmet_name fields; RefMet class from cached exact-name lookup,False,True,Retain; no ST003348 isotope/internal-standard collision
CAR 6:0,RM0153846,Fatty Acyls,Fatty esters,Acyl carnitines,CAR(6:0),AN002533,ST001521|AN002533|ME367501,Hexanoylcarnitine(AcCa(6:0),AN005483,ST003348|AN005483|ME875393,exact_case_sensitive_refmet_name_intersection,repository-provided RefMet mapping; nomenclature bridge only,Exact case-sensitive equality of nonblank MW refmet_name fields; RefMet class from cached exact-name lookup,False,True,Retain; no ST003348 isotope/internal-standard collision
CAR 8:0,RM0154093,Fatty Acyls,Fatty esters,Acyl carnitines,CAR(8:0),AN002533,ST001521|AN002533|ME367503,Octanoylcarnitine(AcCa(8:0),AN005483,ST003348|AN005483|ME875418,exact_case_sensitive_refmet_name_intersection,repository-provided RefMet mapping; nomenclature bridge only,Exact case-sensitive equality of nonblank MW refmet_name fields; RefMet class from cached exact-name lookup,False,True,Retain; no ST003348 isotope/internal-standard collision
CAR 9:0,RM0153881,Fatty Acyls,Fatty esters,Acyl carnitines,CAR(9:0),AN002533,ST001521|AN002533|ME367504,Nonanoylcarnitine(AcCa(9:0),AN005483,ST003348|AN005483|ME875430,exact_case_sensitive_refmet_name_intersection,repository-provided RefMet mapping; nomenclature bridge only,Exact case-sensitive equality of nonblank MW refmet_name fields; RefMet class from cached exact-name lookup,False,True,Retain; no ST003348 isotope/internal-standard collision
CAR DC5:0,RM0153962,Fatty Acyls,Fatty esters,Acyl carnitines,CAR(DC5:0),AN002533,ST001521|AN002533|ME367500,Glutarylcarnitine(AcCa(5:0-DC),AN005483,ST003348|AN005483|ME875402,exact_case_sensitive_refmet_name_intersection,repository-provided RefMet mapping; nomenclature bridge only,Exact case-sensitive equality of nonblank MW refmet_name fields; RefMet class from cached exact-name lookup,False,True,Retain; no ST003348 isotope/internal-standard collision
Carnitine,RM0008606,Organic nitrogen compounds,Carnitines,Carnitines,Carnitine,AN002533,ST001521|AN002533|ME367492,L-Carnitine,AN005483,ST003348|AN005483|ME875301,exact_case_sensitive_refmet_name_intersection,repository-provided RefMet mapping; nomenclature bridge only,Exact case-sensitive equality of nonblank MW refmet_name fields; RefMet class from cached exact-name lookup,False,True,Retain; no ST003348 isotope/internal-standard collision
Choline,RM0028739,Organic nitrogen compounds,Cholines,Cholines,Choline,AN002533,ST001521|AN002533|ME367476,Choline,AN005483,ST003348|AN005483|ME875254,exact_case_sensitive_refmet_name_intersection,repository-provided RefMet mapping; nomenclature bridge only,Exact case-sensitive equality of nonblank MW refmet_name fields; RefMet class from cached exact-name lookup,False,True,Retain; no ST003348 isotope/internal-standard collision
cis-Erucic acid,RM0153624,Fatty Acyls,Fatty acids,Unsaturated FA,cis-Erucic acid,AN002536,ST001521|AN002536|ME367961,Erucic acid(FFA(22:1n9),AN005484,ST003348|AN005484|ME875758,exact_case_sensitive_refmet_name_intersection,repository-provided RefMet mapping; nomenclature bridge only,Exact case-sensitive equality of nonblank MW refmet_name fields; RefMet class from cached exact-name lookup,False,True,Retain; no ST003348 isotope/internal-standard collision
Citrulline,RM0136022,Organic acids,Amino acids and peptides,Amino acids,Citrulline,AN002533,ST001521|AN002533|ME367458,Citrulline,AN005483,ST003348|AN005483|ME875333,exact_case_sensitive_refmet_name_intersection,repository-provided RefMet mapping; nomenclature bridge only,Exact case-sensitive equality of nonblank MW refmet_name fields; RefMet class from cached exact-name lookup,False,True,Retain; no ST003348 isotope/internal-standard collision
Corticosterone,RM0126032,Sterol Lipids,Steroids,C21 Steroids,Corticosterone,AN002535,ST001521|AN002535|ME367845,Corticosterone,AN005484,ST003348|AN005484|ME875762,exact_case_sensitive_refmet_name_intersection,repository-provided RefMet mapping; nomenclature bridge only,Exact case-sensitive equality of nonblank MW refmet_name fields; RefMet class from cached exact-name lookup,False,True,Retain; no ST003348 isotope/internal-standard collision
Cotinine,RM0040469,Alkaloids,Pyridine alkaloids,Nicotinic acid alkaloids,Cotinine,AN002533,ST001521|AN002533|ME367486,Cotinine,AN005483,ST003348|AN005483|ME875317,exact_case_sensitive_refmet_name_intersection,repository-provided RefMet mapping; nomenclature bridge only,Exact case-sensitive equality of nonblank MW refmet_name fields; RefMet class from cached exact-name lookup,False,True,Retain; no ST003348 isotope/internal-standard collision
Creatine,RM0135876,Organic acids,Amino acids and peptides,Amino acids,Creatine,AN002533,ST001521|AN002533|ME367479,Creatine,AN005483,ST003348|AN005483|ME875269,exact_case_sensitive_refmet_name_intersection,repository-provided RefMet mapping; nomenclature bridge only,Exact case-sensitive equality of nonblank MW refmet_name fields; RefMet class from cached exact-name lookup,False,True,Retain; no ST003348 isotope/internal-standard collision
Creatinine,RM0028430,Organoheterocyclic compounds,Azoles,Imidazolines,Creatinine,AN002533,ST001521|AN002533|ME367480,Creatinine,AN005483,ST003348|AN005483|ME875422,exact_case_sensitive_refmet_name_intersection,repository-provided RefMet mapping; nomenclature bridge only,Exact case-sensitive equality of nonblank MW refmet_name fields; RefMet class from cached exact-name lookup,False,True,Retain; no ST003348 isotope/internal-standard collision
Cytosine,RM0050550,Nucleic acids,Pyrimidines,Pyrimidones,Cytosine,AN002533,ST001521|AN002533|ME367484,Cytosine,AN005483,ST003348|AN005483|ME875255,exact_case_sensitive_refmet_name_intersection,repository-provided RefMet mapping; nomenclature bridge only,Exact case-sensitive equality of nonblank MW refmet_name fields; RefMet class from cached exact-name lookup,False,True,Retain; no ST003348 isotope/internal-standard collision
Deoxycholic acid,RM0126048,Sterol Lipids,Bile acids,C24 bile acids,Deoxycholic acid,AN002536,ST001521|AN002536|ME367965,Deoxycholic acid; Deoxycholic acid isomer 1; Deoxycholic acid isomer 2; Deoxycholic acid isomer 3,AN005484,ST003348|AN005484|ME875781; ST003348|AN005484|ME875787; ST003348|AN005484|ME875788; ST003348|AN005484|ME875789,exact_case_sensitive_refmet_name_intersection,repository-provided RefMet mapping; nomenclature bridge only,Exact case-sensitive equality of nonblank MW refmet_name fields; RefMet class from cached exact-name lookup,False,True,Retain; no ST003348 isotope/internal-standard collision
Dimethylarginine,RM0131870,Organic acids,Amino acids and peptides,Amino acids,Dimethylarginine,AN002533,ST001521|AN002533|ME367465,ADMA+SDMA,AN005483,ST003348|AN005483|ME875339,exact_case_sensitive_refmet_name_intersection,repository-provided RefMet mapping; nomenclature bridge only,Exact case-sensitive equality of nonblank MW refmet_name fields; RefMet class from cached exact-name lookup,False,True,Retain; no ST003348 isotope/internal-standard collision
Dodecanedioic acid,RM0153694,Fatty Acyls,Fatty acids,Dicarboxylic acids,Dodecanedioic acid,AN002536,ST001521|AN002536|ME367933,Dodecanedioic acid(FFA(12:0-DC),AN005484,ST003348|AN005484|ME875652,exact_case_sensitive_refmet_name_intersection,repository-provided RefMet mapping; nomenclature bridge only,Exact case-sensitive equality of nonblank MW refmet_name fields; RefMet class from cached exact-name lookup,False,True,Retain; no ST003348 isotope/internal-standard collision
Eicosanedioic acid,RM0149936,Fatty Acyls,Fatty acids,Dicarboxylic acids,Eicosanedioic acid,AN002536,ST001521|AN002536|ME367962,Eicosanedioic acid(FFA(20:0-DC),AN005484,ST003348|AN005484|ME875760,exact_case_sensitive_refmet_name_intersection,repository-provided RefMet mapping; nomenclature bridge only,Exact case-sensitive equality of nonblank MW refmet_name fields; RefMet class from cached exact-name lookup,False,True,Retain; no ST003348 isotope/internal-standard collision
Eicosapentaenoic acid,RM0151646,Fatty Acyls,Fatty acids,Unsaturated FA,Eicosapentaenoic acid,AN002535; AN002536,ST001521|AN002535|ME367855; ST001521|AN002536|ME367951,Eicosapentaenoic acid(FFA(20:5),AN005484,ST003348|AN005484|ME875727,exact_case_sensitive_refmet_name_intersection,repository-provided RefMet mapping; nomenclature bridge only,Exact case-sensitive equality of nonblank MW refmet_name fields; RefMet class from cached exact-name lookup,False,True,Retain; no ST003348 isotope/internal-standard collision
Eicosatrienoic acid,RM0152308,Fatty Acyls,Fatty acids,Unsaturated FA,Eicosatrienoic acid,AN002536,ST001521|AN002536|ME367953,Eicosatrienoic acid(FFA(20:3n3); Eicosatrienoic acid(FFA(20:3n6); Eicosatrienoic acid(FFA(20:3n9),AN005484,ST003348|AN005484|ME875730; ST003348|AN005484|ME875731; ST003348|AN005484|ME875732,exact_case_sensitive_refmet_name_intersection,repository-provided RefMet mapping; nomenclature bridge only,Exact case-sensitive equality of nonblank MW refmet_name fields; RefMet class from cached exact-name lookup,False,True,Retain; no ST003348 isotope/internal-standard collision
Eicosenoic acid,RM0150389,Fatty Acyls,Fatty acids,Unsaturated FA,Eicosenoic acid,AN002536,ST001521|AN002536|ME367955,Eicosenoic acid(FFA(20:1),AN005484,ST003348|AN005484|ME875735,exact_case_sensitive_refmet_name_intersection,repository-provided RefMet mapping; nomenclature bridge only,Exact case-sensitive equality of nonblank MW refmet_name fields; RefMet class from cached exact-name lookup,False,True,Retain; no ST003348 isotope/internal-standard collision
Glucuronic acid,RM0155912,Carbohydrates,Monosaccharides,Sugar acids,Glucuronic acid,AN002535,ST001521|AN002535|ME367886,Glucuronic acid,AN005484,ST003348|AN005484|ME875626,exact_case_sensitive_refmet_name_intersection,repository-provided RefMet mapping; nomenclature bridge only,Exact case-sensitive equality of nonblank MW refmet_name fields; RefMet class from cached exact-name lookup,False,True,Retain; no ST003348 isotope/internal-standard collision
Glutamic acid,RM0135893,Organic acids,Amino acids and peptides,Amino acids,Glutamic acid,AN002533; AN002535,ST001521|AN002533|ME367443; ST001521|AN002535|ME367887,L-Glutamic acid,AN005483,ST003348|AN005483|ME875556,exact_case_sensitive_refmet_name_intersection,repository-provided RefMet mapping; nomenclature bridge only,Exact case-sensitive equality of nonblank MW refmet_name fields; RefMet class from cached exact-name lookup,False,True,Retain; no ST003348 isotope/internal-standard collision
Glutamine,RM0012560,Organic acids,Amino acids and peptides,Amino acids,Glutamine,AN002533,ST001521|AN002533|ME367445,L-Glutamine,AN005483,ST003348|AN005483|ME875400,exact_case_sensitive_refmet_name_intersection,repository-provided RefMet mapping; nomenclature bridge only,Exact case-sensitive equality of nonblank MW refmet_name fields; RefMet class from cached exact-name lookup,False,True,Retain; no ST003348 isotope/internal-standard collision
Glycochenodeoxycholic acid,RM0135850,Sterol Lipids,Bile acids,C24 bile acids,Glycochenodeoxycholic acid,AN002536,ST001521|AN002536|ME367971,Chenodeoxycholic acid glycine conjugate,AN005484,ST003348|AN005484|ME875805,exact_case_sensitive_refmet_name_intersection,repository-provided RefMet mapping; nomenclature bridge only,Exact case-sensitive equality of nonblank MW refmet_name fields; RefMet class from cached exact-name lookup,False,True,Retain; no ST003348 isotope/internal-standard collision
Glycocholic acid,RM0135849,Sterol Lipids,Bile acids,C24 bile acids,Glycocholic acid,AN002535; AN002536,ST001521|AN002535|ME367872; ST001521|AN002536|ME367974,Glycocholic acid,AN005484,ST003348|AN005484|ME875810,exact_case_sensitive_refmet_name_intersection,repository-provided RefMet mapping; nomenclature bridge only,Exact case-sensitive equality of nonblank MW refmet_name fields; RefMet class from cached exact-name lookup,False,True,Retain; no ST003348 isotope/internal-standard collision
Glycodeoxycholic acid,RM0125880,Sterol Lipids,Bile acids,C24 bile acids,Glycodeoxycholic acid,AN002536,ST001521|AN002536|ME367972,Deoxycholic acid glycine conjugate,AN005484,ST003348|AN005484|ME875806,exact_case_sensitive_refmet_name_intersection,repository-provided RefMet mapping; nomenclature bridge only,Exact case-sensitive equality of nonblank MW refmet_name fields; RefMet class from cached exact-name lookup,False,True,Retain; no ST003348 isotope/internal-standard collision
Glycoursodeoxycholic acid,RM0126064,Sterol Lipids,Bile acids,C24 bile acids,Glycoursodeoxycholic acid,AN002536,ST001521|AN002536|ME367973,Glycoursodeoxycholic acid,AN005484,ST003348|AN005484|ME875804,exact_case_sensitive_refmet_name_intersection,repository-provided RefMet mapping; nomenclature bridge only,Exact case-sensitive equality of nonblank MW refmet_name fields; RefMet class from cached exact-name lookup,False,True,Retain; no ST003348 isotope/internal-standard collision
Hexadecanedioic acid,RM0139429,Fatty Acyls,Fatty acids,Dicarboxylic acids,Hexadecanedioic acid,AN002536,ST001521|AN002536|ME367947,Hexadecanedioic acid(FFA(16:0-DC),AN005484,ST003348|AN005484|ME875711,exact_case_sensitive_refmet_name_intersection,repository-provided RefMet mapping; nomenclature bridge only,Exact case-sensitive equality of nonblank MW refmet_name fields; RefMet class from cached exact-name lookup,False,True,Retain; no ST003348 isotope/internal-standard collision
Histidine,RM0129894,Organic acids,Amino acids and peptides,Amino acids,Histidine,AN002533,ST001521|AN002533|ME367446,L-Histidine,AN005483,ST003348|AN005483|ME875548,exact_case_sensitive_refmet_name_intersection,repository-provided RefMet mapping; nomenclature bridge only,Exact case-sensitive equality of nonblank MW refmet_name fields; RefMet class from cached exact-name lookup,False,True,Retain; no ST003348 isotope/internal-standard collision
Hypoxanthine,RM0135895,Nucleic acids,Purines,Hypoxanthines,Hypoxanthine,AN002533; AN002535,ST001521|AN002533|ME367576; ST001521|AN002535|ME367859,Hypoxanthine,AN005483,ST003348|AN005483|ME875555,exact_case_sensitive_refmet_name_intersection,repository-provided RefMet mapping; nomenclature bridge only,Exact case-sensitive equality of nonblank MW refmet_name fields; RefMet class from cached exact-name lookup,False,True,Retain; no ST003348 isotope/internal-standard collision
Indoleacetic acid,RM0135909,Alkaloids,Tryptophan alkaloids,Indoleacetic acids,Indoleacetic acid,AN002533; AN002536,ST001521|AN002533|ME367579; ST001521|AN002536|ME367926,Indoleacetic acid,AN005483,ST003348|AN005483|ME875316,exact_case_sensitive_refmet_name_intersection,repository-provided RefMet mapping; nomenclature bridge only,Exact case-sensitive equality of nonblank MW refmet_name fields; RefMet class from cached exact-name lookup,False,True,Retain; no ST003348 isotope/internal-standard collision
Indolelactic acid,RM0044363,Alkaloids,Tryptophan alkaloids,Indolecarboxylic acids,Indolelactic acid,AN002535,ST001521|AN002535|ME367879,Indolelactic acid,AN005483,ST003348|AN005483|ME875380,exact_case_sensitive_refmet_name_intersection,repository-provided RefMet mapping; nomenclature bridge only,Exact case-sensitive equality of nonblank MW refmet_name fields; RefMet class from cached exact-name lookup,False,True,Retain; no ST003348 isotope/internal-standard collision
Isoleucine,RM0134975,Organic acids,Amino acids and peptides,Amino acids,Isoleucine,AN002533,ST001521|AN002533|ME367451,L-Isoleucine,AN005483,ST003348|AN005483|ME875270,exact_case_sensitive_refmet_name_intersection,repository-provided RefMet mapping; nomenclature bridge only,Exact case-sensitive equality of nonblank MW refmet_name fields; RefMet class from cached exact-name lookup,False,True,Retain; no ST003348 isotope/internal-standard collision
Kynurenic acid,RM0032431,Alkaloids,Anthranilic acid alkaloids,Acridone alkaloids,Kynurenic acid,AN002533,ST001521|AN002533|ME367469,Kynurenic acid,AN005483,ST003348|AN005483|ME875346,exact_case_sensitive_refmet_name_intersection,repository-provided RefMet mapping; nomenclature bridge only,Exact case-sensitive equality of nonblank MW refmet_name fields; RefMet class from cached exact-name lookup,False,True,Retain; no ST003348 isotope/internal-standard collision
Lactic acid,RM0135904,Organic acids,Short-chain acids,Short-chain acids,Lactic acid,AN002535,ST001521|AN002535|ME367867,Lactic acid,AN005484,ST003348|AN005484|ME875841,exact_case_sensitive_refmet_name_intersection,repository-provided RefMet mapping; nomenclature bridge only,Exact case-sensitive equality of nonblank MW refmet_name fields; RefMet class from cached exact-name lookup,False,True,Retain; no ST003348 isotope/internal-standard collision
Leucine,RM0136379,Organic acids,Amino acids and peptides,Amino acids,Leucine,AN002533,ST001521|AN002533|ME367450,L-Leucine,AN005483,ST003348|AN005483|ME875271,exact_case_sensitive_refmet_name_intersection,repository-provided RefMet mapping; nomenclature bridge only,Exact case-sensitive equality of nonblank MW refmet_name fields; RefMet class from cached exact-name lookup,False,True,Retain; no ST003348 isotope/internal-standard collision
Linoleic acid,RM0149976,Fatty Acyls,Fatty acids,Unsaturated FA,Linoleic acid,AN002536,ST001521|AN002536|ME367944,Linoleic acid(FFA(18:2n6),AN005484,ST003348|AN005484|ME875703,exact_case_sensitive_refmet_name_intersection,repository-provided RefMet mapping; nomenclature bridge only,Exact case-sensitive equality of nonblank MW refmet_name fields; RefMet class from cached exact-name lookup,False,True,Retain; no ST003348 isotope/internal-standard collision
Linoleoyl-EA,RM0140131,Fatty Acyls,Fatty amides,NAE,Linoleoyl-EA,AN002533,ST001521|AN002533|ME367581,Linoleoylethanolamide,AN005483,ST003348|AN005483|ME875442,exact_case_sensitive_refmet_name_intersection,repository-provided RefMet mapping; nomenclature bridge only,Exact case-sensitive equality of nonblank MW refmet_name fields; RefMet class from cached exact-name lookup,False,True,Retain; no ST003348 isotope/internal-standard collision
LPC 0:0/16:0,RM0134494,Glycerophospholipids,Glycerophosphocholines,LPC,LPC(0:0/16:0),AN002533,ST001521|AN002533|ME367518,LysoPC(0:0/16:0),AN005483,ST003348|AN005483|ME875495,exact_case_sensitive_refmet_name_intersection,repository-provided RefMet mapping; nomenclature bridge only,Exact case-sensitive equality of nonblank MW refmet_name fields; RefMet class from cached exact-name lookup,False,True,Retain; no ST003348 isotope/internal-standard collision
LPC 0:0/18:2,RM0103832,Glycerophospholipids,Glycerophosphocholines,LPC,LPC(0:0/18:2),AN002533,ST001521|AN002533|ME367526,LysoPC(0:0/18:2),AN005483,ST003348|AN005483|ME875507,exact_case_sensitive_refmet_name_intersection,repository-provided RefMet mapping; nomenclature bridge only,Exact case-sensitive equality of nonblank MW refmet_name fields; RefMet class from cached exact-name lookup,False,True,Retain; no ST003348 isotope/internal-standard collision
Lysine,RM0135903,Organic acids,Amino acids and peptides,Amino acids,Lysine,AN002533,ST001521|AN002533|ME367448,L-Lysine,AN005483,ST003348|AN005483|ME875547,exact_case_sensitive_refmet_name_intersection,repository-provided RefMet mapping; nomenclature bridge only,Exact case-sensitive equality of nonblank MW refmet_name fields; RefMet class from cached exact-name lookup,False,True,Retain; no ST003348 isotope/internal-standard collision
Malic acid,RM0135894,Organic acids,TCA acids,TCA acids,Malic acid,AN002535,ST001521|AN002535|ME367898,Malic acid,AN005484,ST003348|AN005484|ME875586,exact_case_sensitive_refmet_name_intersection,repository-provided RefMet mapping; nomenclature bridge only,Exact case-sensitive equality of nonblank MW refmet_name fields; RefMet class from cached exact-name lookup,False,True,Retain; no ST003348 isotope/internal-standard collision
Margaric acid,RM0149933,Fatty Acyls,Fatty acids,Saturated FA,Margaric acid,AN002536,ST001521|AN002536|ME367940,Heptadecanoic acid(FFA(17:0),AN005484,ST003348|AN005484|ME875690,exact_case_sensitive_refmet_name_intersection,repository-provided RefMet mapping; nomenclature bridge only,Exact case-sensitive equality of nonblank MW refmet_name fields; RefMet class from cached exact-name lookup,False,True,Retain; no ST003348 isotope/internal-standard collision
Methionine,RM0161726,Organic acids,Amino acids and peptides,Amino acids,Methionine,AN002533,ST001521|AN002533|ME367442,L-Methionine,AN005483,ST003348|AN005483|ME875372,exact_case_sensitive_refmet_name_intersection,repository-provided RefMet mapping; nomenclature bridge only,Exact case-sensitive equality of nonblank MW refmet_name fields; RefMet class from cached exact-name lookup,False,True,Retain; no ST003348 isotope/internal-standard collision
Methionine sulfoxide,RM0050489,Organic acids,Amino acids and peptides,Amino acids,Methionine sulfoxide,AN002533,ST001521|AN002533|ME367490,Methionine sulfoxide,AN005483,ST003348|AN005483|ME875303,exact_case_sensitive_refmet_name_intersection,repository-provided RefMet mapping; nomenclature bridge only,Exact case-sensitive equality of nonblank MW refmet_name fields; RefMet class from cached exact-name lookup,False,True,Retain; no ST003348 isotope/internal-standard collision
Methylcysteine,RM0012952,Organic acids,Amino acids and peptides,Amino acids,Methylcysteine,AN002535,ST001521|AN002535|ME367861,Methylcysteine,AN005483,ST003348|AN005483|ME875320,exact_case_sensitive_refmet_name_intersection,repository-provided RefMet mapping; nomenclature bridge only,Exact case-sensitive equality of nonblank MW refmet_name fields; RefMet class from cached exact-name lookup,False,True,Retain; no ST003348 isotope/internal-standard collision
Methylimidazoleacetic acid,RM0138952,Alkaloids,Histidine alkaloids,Imidazole alkaloids,Methylimidazoleacetic acid,AN002533,ST001521|AN002533|ME367613,Methylimidazoleacetic acid,AN005483,ST003348|AN005483|ME875279,exact_case_sensitive_refmet_name_intersection,repository-provided RefMet mapping; nomenclature bridge only,Exact case-sensitive equality of nonblank MW refmet_name fields; RefMet class from cached exact-name lookup,False,True,Retain; no ST003348 isotope/internal-standard collision
Myristoleic acid,RM0153354,Fatty Acyls,Fatty acids,Unsaturated FA,Myristoleic acid,AN002533; AN002536,ST001521|AN002533|ME367583; ST001521|AN002536|ME367931,Myristoleic acid(FFA(14:1n5),AN005484,ST003348|AN005484|ME875651,exact_case_sensitive_refmet_name_intersection,repository-provided RefMet mapping; nomenclature bridge only,Exact case-sensitive equality of nonblank MW refmet_name fields; RefMet class from cached exact-name lookup,False,True,Retain; no ST003348 isotope/internal-standard collision
N-6-Trimethyllysine,RM0009124,Organic acids,Amino acids and peptides,Amino acids,N-6-Trimethyllysine,AN002533,ST001521|AN002533|ME367596,"N6,N6,N6-Trimethyl-L-lysine",AN005483,ST003348|AN005483|ME875332,exact_case_sensitive_refmet_name_intersection,repository-provided RefMet mapping; nomenclature bridge only,Exact case-sensitive equality of nonblank MW refmet_name fields; RefMet class from cached exact-name lookup,False,True,Retain; no ST003348 isotope/internal-standard collision
N-Acetylarginine,RM0132228,Organic acids,Amino acids and peptides,Amino acids,N-Acetylarginine,AN002533,ST001521|AN002533|ME367586,N-a-Acetyl-L-arginine,AN005483,ST003348|AN005483|ME875351,exact_case_sensitive_refmet_name_intersection,repository-provided RefMet mapping; nomenclature bridge only,Exact case-sensitive equality of nonblank MW refmet_name fields; RefMet class from cached exact-name lookup,False,True,Retain; no ST003348 isotope/internal-standard collision
N-Acetylglycine,RM0135964,Organic acids,Amino acids and peptides,Amino acids,N-Acetylglycine,AN002533,ST001521|AN002533|ME367463,Acetylglycine,AN005484,ST003348|AN005484|ME875575,exact_case_sensitive_refmet_name_intersection,repository-provided RefMet mapping; nomenclature bridge only,Exact case-sensitive equality of nonblank MW refmet_name fields; RefMet class from cached exact-name lookup,False,True,Retain; no ST003348 isotope/internal-standard collision
N-Acetylputrescine,RM0136156,Alkaloids,Ornithine alkaloids,Polyamines,N-Acetylputrescine,AN002533,ST001521|AN002533|ME367584,N-Acetylputrescine,AN005483,ST003348|AN005483|ME875268,exact_case_sensitive_refmet_name_intersection,repository-provided RefMet mapping; nomenclature bridge only,Exact case-sensitive equality of nonblank MW refmet_name fields; RefMet class from cached exact-name lookup,False,True,Retain; no ST003348 isotope/internal-standard collision
N-Formylmethionine,RM0136031,Organic acids,Amino acids and peptides,Amino acids,N-Formylmethionine,AN002536,ST001521|AN002536|ME367994,N-Formyl-L-methionine,AN005484,ST003348|AN005484|ME875615,exact_case_sensitive_refmet_name_intersection,repository-provided RefMet mapping; nomenclature bridge only,Exact case-sensitive equality of nonblank MW refmet_name fields; RefMet class from cached exact-name lookup,False,True,Retain; no ST003348 isotope/internal-standard collision
N1-Acetylspermidine,RM0053025,Alkaloids,Ornithine alkaloids,Polyamines,N1-Acetylspermidine,AN002533,ST001521|AN002533|ME367591,N1-Acetylspermidine+N8-Acetylspermidine,AN005483,ST003348|AN005483|ME875324,exact_case_sensitive_refmet_name_intersection,repository-provided RefMet mapping; nomenclature bridge only,Exact case-sensitive equality of nonblank MW refmet_name fields; RefMet class from cached exact-name lookup,False,True,Retain; no ST003348 isotope/internal-standard collision
N1-Methyl-2-pyridone-5-carboxamide,RM0030027,Alkaloids,Pyridine alkaloids,Nicotinic acid alkaloids,N1-Methyl-2-pyridone-5-carboxamide,AN002533,ST001521|AN002533|ME367590,N1-Methyl-2-pyridone-5-carboxamide,AN005483,ST003348|AN005483|ME875308,exact_case_sensitive_refmet_name_intersection,repository-provided RefMet mapping; nomenclature bridge only,Exact case-sensitive equality of nonblank MW refmet_name fields; RefMet class from cached exact-name lookup,False,True,Retain; no ST003348 isotope/internal-standard collision
"N2,N2-Dimethylguanosine",RM0136278,Nucleic acids,Purines,Purine ribonucleosides,"N2,N2-Dimethylguanosine",AN002533,ST001521|AN002533|ME367593,"N2,N2-Dimethylguanosine",AN005483,ST003348|AN005483|ME875435,exact_case_sensitive_refmet_name_intersection,repository-provided RefMet mapping; nomenclature bridge only,Exact case-sensitive equality of nonblank MW refmet_name fields; RefMet class from cached exact-name lookup,False,True,Retain; no ST003348 isotope/internal-standard collision
N6-Acetyllysine,RM0135910,Organic acids,Amino acids and peptides,Amino acids,N6-Acetyllysine,AN002533; AN002535,ST001521|AN002533|ME367595; ST001521|AN002535|ME367854,N6-Acetyl-L-lysine,AN005483,ST003348|AN005483|ME875327,exact_case_sensitive_refmet_name_intersection,repository-provided RefMet mapping; nomenclature bridge only,Exact case-sensitive equality of nonblank MW refmet_name fields; RefMet class from cached exact-name lookup,False,True,Retain; no ST003348 isotope/internal-standard collision
Niacinamide,RM0156450,Alkaloids,Pyridine alkaloids,Nicotinic acid alkaloids,Niacinamide,AN002533,ST001521|AN002533|ME367474,Niacinamide,AN005483,ST003348|AN005483|ME875262,exact_case_sensitive_refmet_name_intersection,repository-provided RefMet mapping; nomenclature bridge only,Exact case-sensitive equality of nonblank MW refmet_name fields; RefMet class from cached exact-name lookup,False,True,Retain; no ST003348 isotope/internal-standard collision
Oleic acid,RM0151650,Fatty Acyls,Fatty acids,Unsaturated FA,Oleic acid,AN002536,ST001521|AN002536|ME367945,Oleic acid(FFA(18:1n9),AN005484,ST003348|AN005484|ME875707,exact_case_sensitive_refmet_name_intersection,repository-provided RefMet mapping; nomenclature bridge only,Exact case-sensitive equality of nonblank MW refmet_name fields; RefMet class from cached exact-name lookup,False,True,Retain; no ST003348 isotope/internal-standard collision
Ornithine,RM0135912,Organic acids,Amino acids and peptides,Amino acids,Ornithine,AN002533,ST001521|AN002533|ME367457,Ornithine,AN005483,ST003348|AN005483|ME875541,exact_case_sensitive_refmet_name_intersection,repository-provided RefMet mapping; nomenclature bridge only,Exact case-sensitive equality of nonblank MW refmet_name fields; RefMet class from cached exact-name lookup,False,True,Retain; no ST003348 isotope/internal-standard collision
Oxalic acid,RM0149940,Fatty Acyls,Fatty acids,Dicarboxylic acids,Oxalic acid,AN002535,ST001521|AN002535|ME367905,Oxalic acid,AN005484,ST003348|AN005484|ME875840,exact_case_sensitive_refmet_name_intersection,repository-provided RefMet mapping; nomenclature bridge only,Exact case-sensitive equality of nonblank MW refmet_name fields; RefMet class from cached exact-name lookup,False,True,Retain; no ST003348 isotope/internal-standard collision
Palmitoleic acid,RM0153617,Fatty Acyls,Fatty acids,Unsaturated FA,Palmitoleic acid,AN002536,ST001521|AN002536|ME367936,Palmitoleic acid(FFA(16:1),AN005484,ST003348|AN005484|ME875672,exact_case_sensitive_refmet_name_intersection,repository-provided RefMet mapping; nomenclature bridge only,Exact case-sensitive equality of nonblank MW refmet_name fields; RefMet class from cached exact-name lookup,False,True,Retain; no ST003348 isotope/internal-standard collision
Palmitoyl-EA,RM0153080,Fatty Acyls,Fatty amides,NAE,Palmitoyl-EA,AN002536,ST001521|AN002536|ME367998,Palmitoylethanolamide,AN005483,ST003348|AN005483|ME875321,exact_case_sensitive_refmet_name_intersection,repository-provided RefMet mapping; nomenclature bridge only,Exact case-sensitive equality of nonblank MW refmet_name fields; RefMet class from cached exact-name lookup,False,True,Retain; no ST003348 isotope/internal-standard collision
Pantothenic acid,RM0136730,Organic acids,Amino acids and peptides,Amino acids,Pantothenic acid,AN002535,ST001521|AN002535|ME367871,Pantothenic acid,AN005483,ST003348|AN005483|ME875542,exact_case_sensitive_refmet_name_intersection,repository-provided RefMet mapping; nomenclature bridge only,Exact case-sensitive equality of nonblank MW refmet_name fields; RefMet class from cached exact-name lookup,False,True,Retain; no ST003348 isotope/internal-standard collision
Pantothenol,RM0155733,Organic acids,Amino acids and peptides,Amino acids,Pantothenol,AN002533,ST001521|AN002533|ME367597,Pantothenol,AN005483,ST003348|AN005483|ME875347,exact_case_sensitive_refmet_name_intersection,repository-provided RefMet mapping; nomenclature bridge only,Exact case-sensitive equality of nonblank MW refmet_name fields; RefMet class from cached exact-name lookup,False,True,Retain; no ST003348 isotope/internal-standard collision
Pentadecylic acid,RM0153573,Fatty Acyls,Fatty acids,Saturated FA,Pentadecylic acid,AN002536,ST001521|AN002536|ME367934,Pentadecanoic acid(FFA(15:0),AN005484,ST003348|AN005484|ME875659,exact_case_sensitive_refmet_name_intersection,repository-provided RefMet mapping; nomenclature bridge only,Exact case-sensitive equality of nonblank MW refmet_name fields; RefMet class from cached exact-name lookup,False,True,Retain; no ST003348 isotope/internal-standard collision
Phenylalanine,RM0135897,Organic acids,Amino acids and peptides,Amino acids,Phenylalanine,AN002533,ST001521|AN002533|ME367452,L-Phenylalanine,AN005483,ST003348|AN005483|ME875553,exact_case_sensitive_refmet_name_intersection,repository-provided RefMet mapping; nomenclature bridge only,Exact case-sensitive equality of nonblank MW refmet_name fields; RefMet class from cached exact-name lookup,False,True,Retain; no ST003348 isotope/internal-standard collision
Phenyllactic acid,RM0012471,Organic acids,Phenylpropanoids,Cinnamic acids,Phenyllactic acid,AN002535; AN002536,ST001521|AN002535|ME367862; ST001521|AN002536|ME367999,Phenyllactic acid,AN005484,ST003348|AN005484|ME875604,exact_case_sensitive_refmet_name_intersection,repository-provided RefMet mapping; nomenclature bridge only,Exact case-sensitive equality of nonblank MW refmet_name fields; RefMet class from cached exact-name lookup,False,True,Retain; no ST003348 isotope/internal-standard collision
Phytosphingosine,RM0135447,Sphingolipids,Sphingoid bases,Phytosphingosines,Phytosphingosine,AN002533,ST001521|AN002533|ME367598,Phytosphingosine,AN005483,ST003348|AN005483|ME875441,exact_case_sensitive_refmet_name_intersection,repository-provided RefMet mapping; nomenclature bridge only,Exact case-sensitive equality of nonblank MW refmet_name fields; RefMet class from cached exact-name lookup,False,True,Retain; no ST003348 isotope/internal-standard collision
Pipecolic acid,RM0135981,Organic acids,Amino acids and peptides,Amino acids,Pipecolic acid,AN002533,ST001521|AN002533|ME367487,Pipecolic acid,AN005483,ST003348|AN005483|ME875557,exact_case_sensitive_refmet_name_intersection,repository-provided RefMet mapping; nomenclature bridge only,Exact case-sensitive equality of nonblank MW refmet_name fields; RefMet class from cached exact-name lookup,False,True,Retain; no ST003348 isotope/internal-standard collision
Pregnenolone sulfate,RM0138917,Sterol Lipids,Steroids,C21 Steroids,Pregnenolone sulfate,AN002536,ST001521|AN002536|ME368001,Pregnenolone sulfate,AN005484,ST003348|AN005484|ME875785,exact_case_sensitive_refmet_name_intersection,repository-provided RefMet mapping; nomenclature bridge only,Exact case-sensitive equality of nonblank MW refmet_name fields; RefMet class from cached exact-name lookup,False,True,Retain; no ST003348 isotope/internal-standard collision
Proline,RM0135899,Organic acids,Amino acids and peptides,Amino acids,Proline,AN002533,ST001521|AN002533|ME367455,L-Proline,AN005483,ST003348|AN005483|ME875551,exact_case_sensitive_refmet_name_intersection,repository-provided RefMet mapping; nomenclature bridge only,Exact case-sensitive equality of nonblank MW refmet_name fields; RefMet class from cached exact-name lookup,False,True,Retain; no ST003348 isotope/internal-standard collision
Pyruvic acid,RM0134967,Organic acids,Short-chain acids,Short-chain acids,Pyruvic acid,AN002535,ST001521|AN002535|ME367883,Pyruvic acid,AN005484,ST003348|AN005484|ME875838,exact_case_sensitive_refmet_name_intersection,repository-provided RefMet mapping; nomenclature bridge only,Exact case-sensitive equality of nonblank MW refmet_name fields; RefMet class from cached exact-name lookup,False,True,Retain; no ST003348 isotope/internal-standard collision
Quinolinic acid,RM0135916,Alkaloids,Pyridine alkaloids,Nicotinic acid alkaloids,Quinolinic acid,AN002535,ST001521|AN002535|ME367907,Quinolinic acid,AN005483,ST003348|AN005483|ME875306,exact_case_sensitive_refmet_name_intersection,repository-provided RefMet mapping; nomenclature bridge only,Exact case-sensitive equality of nonblank MW refmet_name fields; RefMet class from cached exact-name lookup,False,True,Retain; no ST003348 isotope/internal-standard collision
Ribothymidine,RM0138932,Nucleic acids,Pyrimidines,Pyrimidine ribonucleosides,Ribothymidine,AN002533; AN002535; AN002536,ST001521|AN002533|ME367602; ST001521|AN002535|ME367848; ST001521|AN002536|ME368002,5-Methyluridine,AN005484,ST003348|AN005484|ME875677,exact_case_sensitive_refmet_name_intersection,repository-provided RefMet mapping; nomenclature bridge only,Exact case-sensitive equality of nonblank MW refmet_name fields; RefMet class from cached exact-name lookup,False,True,Retain; no ST003348 isotope/internal-standard collision
Serine,RM0032433,Organic acids,Amino acids and peptides,Amino acids,Serine,AN002533,ST001521|AN002533|ME367440,L-Serine,AN005483,ST003348|AN005483|ME875545,exact_case_sensitive_refmet_name_intersection,repository-provided RefMet mapping; nomenclature bridge only,Exact case-sensitive equality of nonblank MW refmet_name fields; RefMet class from cached exact-name lookup,False,True,Retain; no ST003348 isotope/internal-standard collision
Serotonin,RM0050344,Alkaloids,Tryptophan alkaloids,Tryptamines,Serotonin,AN002533,ST001521|AN002533|ME367460,Serotonin,AN005483,ST003348|AN005483|ME875297,exact_case_sensitive_refmet_name_intersection,repository-provided RefMet mapping; nomenclature bridge only,Exact case-sensitive equality of nonblank MW refmet_name fields; RefMet class from cached exact-name lookup,False,True,Retain; no ST003348 isotope/internal-standard collision
sn-Glycero-3-phosphocholine,RM0110472,Organic acids,Organic phosphoric acids,Organic phosphoric acids,sn-Glycero-3-phosphocholine,AN002533,ST001521|AN002533|ME367478,Glycerophosphocholine,AN005483,ST003348|AN005483|ME875390,exact_case_sensitive_refmet_name_intersection,repository-provided RefMet mapping; nomenclature bridge only,Exact case-sensitive equality of nonblank MW refmet_name fields; RefMet class from cached exact-name lookup,False,True,Retain; no ST003348 isotope/internal-standard collision
Sphinganine,RM0135445,Sphingolipids,Sphingoid bases,Sphinganines,Sphinganine,AN002533,ST001521|AN002533|ME367603,Sphinganine,AN005483,ST003348|AN005483|ME875431,exact_case_sensitive_refmet_name_intersection,repository-provided RefMet mapping; nomenclature bridge only,Exact case-sensitive equality of nonblank MW refmet_name fields; RefMet class from cached exact-name lookup,False,True,Retain; no ST003348 isotope/internal-standard collision
Sphingosine,RM0135443,Sphingolipids,Sphingoid bases,Sphingosines,Sphingosine,AN002533,ST001521|AN002533|ME367617,Sphingosine,AN005483,ST003348|AN005483|ME875429,exact_case_sensitive_refmet_name_intersection,repository-provided RefMet mapping; nomenclature bridge only,Exact case-sensitive equality of nonblank MW refmet_name fields; RefMet class from cached exact-name lookup,False,True,Retain; no ST003348 isotope/internal-standard collision
Suberic acid,RM0134985,Fatty Acyls,Fatty acids,Dicarboxylic acids,Suberic acid,AN002535,ST001521|AN002535|ME367893,Suberic acid(FFA(8:0-DC),AN005484,ST003348|AN005484|ME875610,exact_case_sensitive_refmet_name_intersection,repository-provided RefMet mapping; nomenclature bridge only,Exact case-sensitive equality of nonblank MW refmet_name fields; RefMet class from cached exact-name lookup,False,True,Retain; no ST003348 isotope/internal-standard collision
Succinic acid,RM0134982,Organic acids,TCA acids,TCA acids,Succinic acid,AN002535,ST001521|AN002535|ME367897,Succinic acid,AN005484,ST003348|AN005484|ME875577,exact_case_sensitive_refmet_name_intersection,repository-provided RefMet mapping; nomenclature bridge only,Exact case-sensitive equality of nonblank MW refmet_name fields; RefMet class from cached exact-name lookup,False,True,Retain; no ST003348 isotope/internal-standard collision
Taurochenodeoxycholic acid,RM0128369,Sterol Lipids,Bile acids,C24 bile acids,Taurochenodeoxycholic acid,AN002536,ST001521|AN002536|ME367976,Taurochenodesoxycholic acid,AN005484,ST003348|AN005484|ME875814,exact_case_sensitive_refmet_name_intersection,repository-provided RefMet mapping; nomenclature bridge only,Exact case-sensitive equality of nonblank MW refmet_name fields; RefMet class from cached exact-name lookup,False,True,Retain; no ST003348 isotope/internal-standard collision
Taurocholic acid,RM0033602,Sterol Lipids,Bile acids,C24 bile acids,Taurocholic acid,AN002536,ST001521|AN002536|ME367980,Taurocholic acid,AN005484,ST003348|AN005484|ME875818,exact_case_sensitive_refmet_name_intersection,repository-provided RefMet mapping; nomenclature bridge only,Exact case-sensitive equality of nonblank MW refmet_name fields; RefMet class from cached exact-name lookup,False,True,Retain; no ST003348 isotope/internal-standard collision
Taurodeoxycholic acid,RM0135855,Sterol Lipids,Bile acids,C24 bile acids,Taurodeoxycholic acid,AN002536,ST001521|AN002536|ME367977,Taurodeoxycholic acid,AN005484,ST003348|AN005484|ME875815,exact_case_sensitive_refmet_name_intersection,repository-provided RefMet mapping; nomenclature bridge only,Exact case-sensitive equality of nonblank MW refmet_name fields; RefMet class from cached exact-name lookup,False,True,Retain; no ST003348 isotope/internal-standard collision
Tetradecanedioic acid,RM0153229,Fatty Acyls,Fatty acids,Dicarboxylic acids,Tetradecanedioic acid,AN002536,ST001521|AN002536|ME367938,Tetradecanedioic acid(FFA(14:2-DC); Tetradecanedioic acid(FFA(14:2-DC) isomer1; Tetradecanedioic acid(FFA(14:2-DC) isomer2; Tetradecanedioic acid(FFA(14:2-DC) isomer3,AN005484,ST003348|AN005484|ME875679; ST003348|AN005484|ME875719; ST003348|AN005484|ME875722; ST003348|AN005484|ME875726,exact_case_sensitive_refmet_name_intersection,repository-provided RefMet mapping; nomenclature bridge only,Exact case-sensitive equality of nonblank MW refmet_name fields; RefMet class from cached exact-name lookup,False,True,Retain; no ST003348 isotope/internal-standard collision
Theophylline,RM0136130,Nucleic acids,Purines,Xanthines,Theophylline,AN002536,ST001521|AN002536|ME367982,Theophylline,AN005483,ST003348|AN005483|ME875319,exact_case_sensitive_refmet_name_intersection,repository-provided RefMet mapping; nomenclature bridge only,Exact case-sensitive equality of nonblank MW refmet_name fields; RefMet class from cached exact-name lookup,False,True,Retain; no ST003348 isotope/internal-standard collision
Threonine,RM0135900,Organic acids,Amino acids and peptides,Amino acids,Threonine,AN002533,ST001521|AN002533|ME367441,L-Threonine,AN005483,ST003348|AN005483|ME875550,exact_case_sensitive_refmet_name_intersection,repository-provided RefMet mapping; nomenclature bridge only,Exact case-sensitive equality of nonblank MW refmet_name fields; RefMet class from cached exact-name lookup,False,True,Retain; no ST003348 isotope/internal-standard collision
Thyroxine,RM0135922,Organic acids,Amino acids and peptides,Amino acids,Thyroxine,AN002533,ST001521|AN002533|ME367481,Thyroxine,AN005483,ST003348|AN005483|ME875535,exact_case_sensitive_refmet_name_intersection,repository-provided RefMet mapping; nomenclature bridge only,Exact case-sensitive equality of nonblank MW refmet_name fields; RefMet class from cached exact-name lookup,False,True,Retain; no ST003348 isotope/internal-standard collision
trans-3-Hydroxycotinine,RM0159961,Alkaloids,Alkaloids,Other alkaloids,trans-3-Hydroxycotinine,AN002533,ST001521|AN002533|ME367610,Hydroxycotinine,AN005483,ST003348|AN005483|ME875335,exact_case_sensitive_refmet_name_intersection,repository-provided RefMet mapping; nomenclature bridge only,Exact case-sensitive equality of nonblank MW refmet_name fields; RefMet class from cached exact-name lookup,False,True,Retain; no ST003348 isotope/internal-standard collision
Trigonelline,RM0136017,Alkaloids,Pyridine alkaloids,Nicotinic acid alkaloids,Trigonelline,AN002533,ST001521|AN002533|ME367618,Trigonelline,AN005483,ST003348|AN005483|ME875276,exact_case_sensitive_refmet_name_intersection,repository-provided RefMet mapping; nomenclature bridge only,Exact case-sensitive equality of nonblank MW refmet_name fields; RefMet class from cached exact-name lookup,False,True,Retain; no ST003348 isotope/internal-standard collision
Trimethylamine N-oxide,RM0156066,Organic nitrogen compounds,Amine oxides,Trisubstituted amine oxides,Trimethylamine N-oxide,AN002533,ST001521|AN002533|ME367482,Trimethylamine N-oxide,AN005483,ST003348|AN005483|ME875538,exact_case_sensitive_refmet_name_intersection,repository-provided RefMet mapping; nomenclature bridge only,Exact case-sensitive equality of nonblank MW refmet_name fields; RefMet class from cached exact-name lookup,False,True,Retain; no ST003348 isotope/internal-standard collision
Tryptophan,RM0136024,Organic acids,Amino acids and peptides,Amino acids,Tryptophan,AN002533,ST001521|AN002533|ME367454,L-Tryptophan,AN005483,ST003348|AN005483|ME875325,exact_case_sensitive_refmet_name_intersection,repository-provided RefMet mapping; nomenclature bridge only,Exact case-sensitive equality of nonblank MW refmet_name fields; RefMet class from cached exact-name lookup,False,True,Retain; no ST003348 isotope/internal-standard collision
Tyrosine,RM0135896,Organic acids,Amino acids and peptides,Amino acids,Tyrosine,AN002533,ST001521|AN002533|ME367453,L-Tyrosine,AN005483,ST003348|AN005483|ME875554,exact_case_sensitive_refmet_name_intersection,repository-provided RefMet mapping; nomenclature bridge only,Exact case-sensitive equality of nonblank MW refmet_name fields; RefMet class from cached exact-name lookup,False,True,Retain; no ST003348 isotope/internal-standard collision
Uracil,RM0135934,Nucleic acids,Pyrimidines,Other pyrimidines,Uracil,AN002535,ST001521|AN002535|ME367847,Uracil,AN005483,ST003348|AN005483|ME875437,exact_case_sensitive_refmet_name_intersection,repository-provided RefMet mapping; nomenclature bridge only,Exact case-sensitive equality of nonblank MW refmet_name fields; RefMet class from cached exact-name lookup,False,True,Retain; no ST003348 isotope/internal-standard collision
Uric acid,RM0160856,Nucleic acids,Purines,Xanthines,Uric acid,AN002533; AN002535,ST001521|AN002533|ME367604; ST001521|AN002535|ME367890,Uric acid,AN005483,ST003348|AN005483|ME875456,exact_case_sensitive_refmet_name_intersection,repository-provided RefMet mapping; nomenclature bridge only,Exact case-sensitive equality of nonblank MW refmet_name fields; RefMet class from cached exact-name lookup,False,True,Retain; no ST003348 isotope/internal-standard collision
Uridine,RM0135933,Nucleic acids,Pyrimidines,Pyrimidine ribonucleosides,Uridine,AN002535,ST001521|AN002535|ME367849,Uridine; Uridine+Pseudouridine,AN005483; AN005484,ST003348|AN005483|ME875374; ST003348|AN005484|ME875660,exact_case_sensitive_refmet_name_intersection,repository-provided RefMet mapping; nomenclature bridge only,Exact case-sensitive equality of nonblank MW refmet_name fields; RefMet class from cached exact-name lookup,False,True,Retain; no ST003348 isotope/internal-standard collision
Urocanic acid,RM0135935,Alkaloids,Histidine alkaloids,Imidazole alkaloids,Urocanic acid,AN002533,ST001521|AN002533|ME367605,Urocanic acid,AN005483,ST003348|AN005483|ME875277,exact_case_sensitive_refmet_name_intersection,repository-provided RefMet mapping; nomenclature bridge only,Exact case-sensitive equality of nonblank MW refmet_name fields; RefMet class from cached exact-name lookup,False,True,Retain; no ST003348 isotope/internal-standard collision
Valine,RM0136018,Organic acids,Amino acids and peptides,Amino acids,Valine,AN002533,ST001521|AN002533|ME367449,L-Valine,AN005484,ST003348|AN005484|ME875576,exact_case_sensitive_refmet_name_intersection,repository-provided RefMet mapping; nomenclature bridge only,Exact case-sensitive equality of nonblank MW refmet_name fields; RefMet class from cached exact-name lookup,False,True,Retain; no ST003348 isotope/internal-standard collision
Vitamin C,RM0118068,Organoheterocyclic compounds,Lactones,Gamma butyrolactones,Vitamin C,AN002535,ST001521|AN002535|ME367909,Ascorbic acid,AN005484,ST003348|AN005484|ME875614,exact_case_sensitive_refmet_name_intersection,repository-provided RefMet mapping; nomenclature bridge only,Exact case-sensitive equality of nonblank MW refmet_name fields; RefMet class from cached exact-name lookup,False,True,Retain; no ST003348 isotope/internal-standard collision
Xanthine,RM0135930,Nucleic acids,Purines,Xanthines,Xanthine,AN002533; AN002535,ST001521|AN002533|ME367606; ST001521|AN002535|ME367884,Xanthine,AN005483,ST003348|AN005483|ME875440,exact_case_sensitive_refmet_name_intersection,repository-provided RefMet mapping; nomenclature bridge only,Exact case-sensitive equality of nonblank MW refmet_name fields; RefMet class from cached exact-name lookup,False,True,Retain; no ST003348 isotope/internal-standard collision
