analysis_feature_id,PC1_loading,PC2_loading,source_reported_name,refmet_name,source_metabolite_id
ST003348|AN005483|ME875412,0.01919648048674701,0.008143404108048395,1-Methyladenosine,1-Methyladenosine,ME875412
ST003348|AN005483|ME875426,0.0016606670408018122,-0.02454983483501797,1-Methylguanosine,1-Methylguanosine,ME875426
ST003348|AN005483|ME875561,0.02225157608624377,0.06334624836656906,1-Methylhistidine,1-Methylhistidine,ME875561
ST003348|AN005483|ME875292,0.10876128443140069,0.01992912033882621,1-Methylinosine,1-Methylinosine,ME875292
ST003348|AN005483|ME875275,-0.018893564135117707,-0.06193100768145998,1-Methylnicotinamide,1-Methyl nicotinamide,ME875275
ST003348|AN005483|ME875257,-0.019986891887447025,0.008454934519111479,1-Pyrroline-5-carboxylic acid,1-Pyrroline-5-carboxylic acid,ME875257
ST003348|AN005483|ME875461,0.03897722750094368,0.025204228087034538,25-Hydroxyvitamin D3,25-Hydroxyvitamin D3,ME875461
ST003348|AN005483|ME875287,-0.01957319434160934,-0.05868705492551384,2-Amino-5-methylhexanoic acid,,ME875287
ST003348|AN005483|ME875288,-0.03762386226946095,-0.0033659503286263804,2-Aminoheptanoic acid,2-Aminoheptanoic acid,ME875288
ST003348|AN005483|ME875278,0.04741497430209877,-0.008112414052429944,2-Aminonicotinic acid,2-Aminonicotinic acid,ME875278
ST003348|AN005483|ME875299,0.011142755953700232,-0.0011494990360521279,2-Aminooctanoic acid,2-Aminocaprylic acid,ME875299
ST003348|AN005483|ME875256,0.04466572560490968,0.019425715154251594,2-Chlorophenylalanine,,ME875256
ST003348|AN005483|ME875427,0.0553077005689509,-0.04720076116228262,2-Methylguanosine,2-Methylguanosine,ME875427
ST003348|AN005483|ME875311,0.032607319315089,0.040482659749945284,2-Oxoarginine,2-Oxoarginine,ME875311
ST003348|AN005483|ME875252,0.0001134785129435991,-0.018694313426885333,2-Piperidinone,2-Piperidinone,ME875252
ST003348|AN005483|ME875258,-0.013577438232028602,0.06763169392387001,3-Amino-2-piperidone,3-Amino-2-piperidone,ME875258
ST003348|AN005483|ME875272,0.06056332213997567,0.05235588860349111,3-Carboxy-4-methyl-5-propyl-2-furanpropionic acid(CMPF),,ME875272
ST003348|AN005483|ME875345,0.0634344326106303,0.027171777002843695,"3-Hydroxy-N6,N6,N6-trimethyl-L-lysine","3-Hydroxy-N6,N6,N6-trimethyl-lysine",ME875345
ST003348|AN005483|ME875350,0.0021099654750173806,-0.022074258129649048,3-Methoxytyrosine,3-O-Methyl-DOPA,ME875350
ST003348|AN005483|ME875284,0.07820901436994561,0.022314264828207097,4-Acetamidobutanoic acid,4-Acetamidobutanoic acid,ME875284
ST003348|AN005483|ME875341,0.0004387986593981141,0.012386192663357233,4-Aminoantipyrine,4-Aminoantipyrine,ME875341
ST003348|AN005483|ME875367,-0.003279728971171656,0.016500424886843376,4-Formylaminoantipyrine,,ME875367
ST003348|AN005483|ME875560,0.08826612409299345,0.016192492693124803,4-Pyridoxic acid,4-Pyridoxic acid,ME875560
ST003348|AN005483|ME875286,0.05198028935184557,0.05579819551735134,4-Trimethylammoniobutanoic acid,3-Dehydroxycarnitine,ME875286
ST003348|AN005483|ME875334,0.09250954662815451,-0.015740397669494775,5-Hydroxyindoleacetic acid,5-Hydroxyindoleacetic acid,ME875334
ST003348|AN005483|ME875425,0.08972425962533088,-0.04692362882806579,5'-Methylthioadenosine,5'-Methylthioadenosine,ME875425
ST003348|AN005483|ME875371,0.049248157147331315,0.04933937302507078,"7,8-Dihydrobiopterin","7,8-Dihydrobiopterin",ME875371
ST003348|AN005483|ME875304,0.07691731811299378,0.000691193424096798,7-Methylguanine,7-Methylguanine,ME875304
ST003348|AN005483|ME875399,0.053927671169132205,0.006707926600741488,Adenosine,Adenosine,ME875399
ST003348|AN005483|ME875420,0.09530503810849648,0.01505674795269885,Adipoylcarnitine(AcCa(6:0-DC),CAR DC6:0,ME875420
ST003348|AN005483|ME875339,0.0036882211406246493,-0.04281671969289776,ADMA+SDMA,Dimethylarginine,ME875339
ST003348|AN005483|ME875552,0.01072987606406051,0.03155861639171782,Alanine+Sarcosine,Alanine,ME875552
ST003348|AN005483|ME875436,-0.005481353025616841,0.024017008252316802,alpha-Aminobutyric acid,2-Aminobutyric acid,ME875436
ST003348|AN005483|ME875326,0.00102628560536217,0.00627036997475163,Antipyrine,Antipyrine,ME875326
ST003348|AN005483|ME875477,0.06319197490562002,0.0519437511920422,Arachidylcarnitine(AcCa(20:0),CAR 20:0,ME875477
ST003348|AN005483|ME875382,0.05771454941406679,0.05130127049469967,Asp-Ile,Asp-Ile,ME875382
ST003348|AN005483|ME875383,0.07724465301939326,0.050656294857464985,Asp-Leu,Asp-Leu,ME875383
ST003348|AN005483|ME875411,0.08094934936950024,0.013787965155515709,Asp-Phe,Asp-Phe,ME875411
ST003348|AN005483|ME875259,-0.01843575605296106,0.029692508383016885,Betaine,Betaine,ME875259
ST003348|AN005483|ME875558,0.05438184783346486,0.03584708574459324,Bilirubin,Bilirubin,ME875558
ST003348|AN005483|ME875533,0.042119169029441794,0.033698225052688616,Biliverdin,Biliverdin,ME875533
ST003348|AN005483|ME875568,0.04707236861962005,0.03821389064307717,Biliverdin isomer1,Biliverdin,ME875568
ST003348|AN005483|ME875569,0.05078856094750001,0.03522393811689077,Biliverdin isomer2,Biliverdin,ME875569
ST003348|AN005483|ME875570,0.035200291746424694,0.027862633489111676,Biliverdin isomer3,Biliverdin,ME875570
ST003348|AN005483|ME875375,0.03143597094846297,0.0440628679840565,Biotin,Biotin,ME875375
ST003348|AN005483|ME875363,0.0650094645500856,-0.06598984302604301,Butenylcarnitine(AcCa(4:1),CAR 4:1,ME875363
ST003348|AN005483|ME875369,0.07229500512686454,-0.024765862154050845,Butyrylcarnitine(AcCa(4:0),CAR 4:0,ME875369
ST003348|AN005483|ME875337,0.009505806766991238,0.03658298809067621,Caffeine,Caffeine,ME875337
ST003348|AN005483|ME875254,0.004551212223413151,0.03027044683129165,Choline,Choline,ME875254
ST003348|AN005483|ME875333,0.07501419276194198,0.0457618150835046,Citrulline,Citrulline,ME875333
ST003348|AN005483|ME875454,0.038988011447327345,0.00018826915448187726,Cortisol,Cortisol,ME875454
ST003348|AN005483|ME875317,-0.014416122038693448,-0.010048647985900045,Cotinine,Cotinine,ME875317
ST003348|AN005483|ME875269,0.029209961873059156,-0.04169338036870714,Creatine,Creatine,ME875269
ST003348|AN005483|ME875422,0.10562950800630072,0.06992783785208857,Creatinine,Creatinine,ME875422
ST003348|AN005483|ME875403,-0.01848505472923656,-0.008278238018688022,Cyclandelate,Cyclandelate,ME875403
ST003348|AN005483|ME875255,0.011996628858978607,0.023857389554534533,Cytosine,Cytosine,ME875255
ST003348|AN005483|ME875483,-0.06211841372297913,0.0194055491911966,Decaethylene Glycol(PEG-10),Decaethylene glycol,ME875483
ST003348|AN005483|ME875439,0.09336660121454679,-0.04479748406842158,Decanoylcarnitine(AcCa(10:0),CAR 10:0,ME875439
ST003348|AN005483|ME875438,0.098975708897756,-0.031166451756800873,Decenoylcarnitine(AcCa(10:1),CAR 10:1,ME875438
ST003348|AN005483|ME875564,0.06034638774005292,0.06707025303743104,Decenoylcarnitine(AcCa(10:1) 1,CAR 10:1,ME875564
ST003348|AN005483|ME875565,0.10407493402299627,0.0390445425942704,Decenoylcarnitine(AcCa(10:1) 2,CAR 10:1,ME875565
ST003348|AN005483|ME875566,0.0529416975245013,-0.04185173836439114,Decenoylcarnitine(AcCa(10:1) 3,CAR 10:1,ME875566
ST003348|AN005483|ME875265,0.09075358813769928,0.0001643883779257289,Dihydrothymine,Dihydrothymine,ME875265
ST003348|AN005483|ME875528,-0.048473001448795405,0.03569239999805461,Dodecaethylene glycol(PEG-12),,ME875528
ST003348|AN005483|ME875450,0.10691103609467871,-0.044019770316825316,Dodecanoylcarnitine(AcCa(12:0),CAR 12:0,ME875450
ST003348|AN005483|ME875447,0.10980041153631295,-0.0444102968280431,Dodecenoylcarnitine(AcCa(12:1),CAR 12:1,ME875447
ST003348|AN005483|ME875293,0.00937796030750316,0.029847608777490677,Dopamine quinone,Dopamine quinone,ME875293
ST003348|AN005483|ME875476,0.08987113627285045,-0.034526536125768115,Eicoseneoylcarnitine(AcCa(20:1),CAR 20:1,ME875476
ST003348|AN005483|ME875310,-0.009615833793566947,-0.028229200619448294,Gabapentin,Gabapentin,ME875310
ST003348|AN005483|ME875353,0.04595726648051607,0.005567961734883493,gamma-Glu-Ala,gamma-Glutamylalanine,ME875353
ST003348|AN005483|ME875395,0.08586420119834305,0.027114220733943758,gamma-Glu-Ile,gamma-Glutamylisoleucine,ME875395
ST003348|AN005483|ME875396,0.07971690448353146,0.024995422577364125,gamma-Glu-Leu,gamma-Glutamylleucine,ME875396
ST003348|AN005483|ME875405,0.030176562867770734,-0.016019593323098758,gamma-Glu-Met,gamma-Glutamylmethionine,ME875405
ST003348|AN005483|ME875406,0.11386889011431019,0.027238551452985996,gamma-Glu-Phe,gamma-Glutamylphenylalanine,ME875406
ST003348|AN005483|ME875385,-0.008980055427805238,0.03614170540043063,gamma-Glu-Thr,gamma-Glutamylthreonine,ME875385
ST003348|AN005483|ME875434,0.09806585032089321,-0.019311237606022946,gamma-Glu-Tyr,gamma-Glutamyltyrosine,ME875434
ST003348|AN005483|ME875381,0.107748085416143,0.02776942396407751,gamma-Glu-Val,gamma-Glutamylvaline,ME875381
ST003348|AN005483|ME875267,0.02166791484322975,0.006472082659936623,Glp-Gly,Pyroglutamylglycine,ME875267
ST003348|AN005483|ME875394,0.003491139620777333,-0.007390977304605722,Glu-Leu,Glu-Leu,ME875394
ST003348|AN005483|ME875424,0.03975796588118094,-0.02190344823082976,Glu-Phe,Glu-Phe,ME875424
ST003348|AN005483|ME875402,0.07103978768797836,-0.033912025415702166,Glutarylcarnitine(AcCa(5:0-DC),CAR DC5:0,ME875402
ST003348|AN005483|ME875390,-0.005815410118750784,0.03197543024205909,Glycerophosphocholine,sn-Glycero-3-phosphocholine,ME875390
ST003348|AN005483|ME875567,0.016427520204520048,0.040563448586567,Glycerylphosphorylethanolamine,sn-Glycero-3-phosphoethanolamine,ME875567
ST003348|AN005483|ME875343,0.041774275063616126,0.006970981313427558,Gly-Glu,Gly-Glu,ME875343
ST003348|AN005483|ME875330,0.0369269532428239,-0.05018239169141755,Gly-Leu,Gly-Leu,ME875330
ST003348|AN005483|ME875356,0.05839710005862909,0.004722839628099565,Gly-Phe,Gly-Phe,ME875356
ST003348|AN005483|ME875536,0.07961414079304878,0.026311307279295548,Hematoporphyrin,Hematoporphyrin,ME875536
ST003348|AN005483|ME875449,-0.03397264807493001,0.014539959008744482,Heptaethylene Glycol(PEG-7),Heptaethylene glycol,ME875449
ST003348|AN005483|ME875463,0.11018975008663856,-0.03288585577525713,Hexadecadienoylcarnitine(AcCa(16:2),CAR 16:2,ME875463
ST003348|AN005483|ME875464,0.11209027750372977,-0.04746139757719111,Hexadecenoylcarnitine(AcCa(16:1),CAR 16:0,ME875464
ST003348|AN005483|ME875393,0.10515388623481484,-0.06837473260069676,Hexanoylcarnitine(AcCa(6:0),CAR 6:0,ME875393
ST003348|AN005483|ME875391,0.06373675389736606,0.012899648238277014,Hexenoylcarnitine(AcCa(6:1),CAR 6:1,ME875391
ST003348|AN005483|ME875370,-0.027243750288450552,-0.04622646317289659,Hippuric acid,Hippuric acid,ME875370
ST003348|AN005483|ME875446,0.06324302503291322,-0.025274928895054123,His-Trp,His-Trp,ME875446
ST003348|AN005483|ME875331,-0.04793645992939549,-0.03956203056476844,Homo-L-Arg,,ME875331
ST003348|AN005483|ME875296,0.010210913563183672,-0.019110044916910908,Homostachydrine,(S)-Homostachydrine,ME875296
ST003348|AN005483|ME875539,0.07773695384276094,0.0019137218271827667,Human Fibrinopeptide A,,ME875539
ST003348|AN005483|ME875540,0.05311352667865955,0.059934007576132736,Human Fibrinopeptide B,,ME875540
ST003348|AN005483|ME875335,-0.017640033648204146,0.008295652259066649,Hydroxycotinine,trans-3-Hydroxycotinine,ME875335
ST003348|AN005483|ME875398,0.10157726223572464,-0.03197427962943725,Hydroxyisovaleroyl carnitine(AcCa(5:0-OH),"CAR 4:0;OH,Me",ME875398
ST003348|AN005483|ME875555,0.0630596622795674,-0.057882957732756646,Hypoxanthine,Hypoxanthine,ME875555
ST003348|AN005483|ME875473,0.08164306609738087,-0.018866532557063505,Icosadienoylcarnitine(AcCa(20:2),CAR 20:2,ME875473
ST003348|AN005483|ME875472,0.058674007955382634,0.01822511427749826,Icosatrienoylcarnitine(AcCa(20:3),CAR 20:3,ME875472
ST003348|AN005483|ME875392,0.009714880317415037,-0.0445176256816483,Ile-Gln + Leu-Gln,,ME875392
ST003348|AN005483|ME875328,-0.005642985817746734,-0.10796179833818648,Ile-Gly,Ile-Gly,ME875328
ST003348|AN005483|ME875376,0.027773350732011197,0.0512234432763529,Ile-Ile,Ile-Ile,ME875376
ST003348|AN005483|ME875377,0.06619014866434163,-0.04667739521029511,Ile-Leu + Leu-Ile,,ME875377
ST003348|AN005483|ME875407,0.04341651815732454,0.02795193844090093,Ile-Phe,Ile-Phe,ME875407
ST003348|AN005483|ME875361,0.050004376815532645,0.04007219175400263,Ile-Pro,Ile-Pro,ME875361
ST003348|AN005483|ME875364,0.054670376434194805,0.03734425520875202,Ile-Val,Ile-Val,ME875364
ST003348|AN005483|ME875283,0.06473299212119912,0.07079767193817883,Indole-3-carboxaldehyde,1H-Indole-3-carboxaldehyde,ME875283
ST003348|AN005483|ME875562,0.079834711492543,0.04547920044557592,Indole-3-methyl acetate,Indole-3-methyl acetate,ME875562
ST003348|AN005483|ME875315,-0.03119261409883585,-0.0413438039453128,Indole-3-propionic acid,3-Indolepropionic acid,ME875315
ST003348|AN005483|ME875316,0.04320671410125654,0.03441737901682971,Indoleacetic acid,Indoleacetic acid,ME875316
ST003348|AN005483|ME875380,0.08746160685755523,0.03754884168836229,Indolelactic acid,Indolelactic acid,ME875380
ST003348|AN005483|ME875368,0.09738698843741422,0.040785660697146585,Isobutyrylcarnitine(AcCa(iso4:0),CAR 3:0;2Me,ME875368
ST003348|AN005483|ME875344,-0.01080096615465412,-0.04538498128557877,Isobutyrylglycine,Isobutyrylglycine,ME875344
ST003348|AN005483|ME875379,0.08979764371442388,0.020339223544291737,Isovalerylcarnitine(AcCa(iso5:0),CAR 4:0;3Me,ME875379
ST003348|AN005483|ME875346,0.1172169162208596,-0.01882781009230974,Kynurenic acid,Kynurenic acid,ME875346
ST003348|AN005483|ME875342,0.08862638645066555,-0.06391811440208506,L-Acetylcarnitine(AcCa(2:0),CAR 2:0,ME875342
ST003348|AN005483|ME875428,-0.09385545322947304,-0.019887874280759076,L-Arginine,Arginine,ME875428
ST003348|AN005483|ME875549,-0.05052786778538557,-0.006454578133808818,L-Asparagine,Asparagine,ME875549
ST003348|AN005483|ME875544,0.05283816099074055,-0.01170246350349976,L-Aspartic acid,Aspartic acid,ME875544
ST003348|AN005483|ME875301,0.027197624931960245,-0.028722269297582214,L-Carnitine,Carnitine,ME875301
ST003348|AN005483|ME875543,0.030326510539943195,-0.014428812681688866,L-Cystine,Cystine,ME875543
ST003348|AN005483|ME875329,0.013900712039482475,0.004483869475980163,Leu-Gly,Leu-Gly,ME875329
ST003348|AN005483|ME875378,0.08287351942135845,0.007469343559688556,Leu-Leu,Leu-Leu,ME875378
ST003348|AN005483|ME875408,0.033029362664215633,-0.06757699975643007,Leu-Phe,Leu-Phe,ME875408
ST003348|AN005483|ME875362,0.008155636821403887,0.021462896997708925,Leu-Pro,Leu-Pro,ME875362
ST003348|AN005483|ME875556,0.07362446764595545,0.0013847418411853292,L-Glutamic acid,Glutamic acid,ME875556
ST003348|AN005483|ME875400,-0.07399309420125903,-0.0262999712443117,L-Glutamine,Glutamine,ME875400
ST003348|AN005483|ME875548,0.03558930684842768,-0.019891872471406488,L-Histidine,Histidine,ME875548
ST003348|AN005483|ME875410,0.012634351533904277,-0.010137301542484205,Linoleamide,Linoleamide,ME875410
ST003348|AN005483|ME875466,0.09376826352049908,-0.036404231634772265,Linolenylcarnitine(AcCa(18:3),CAR 18:3,ME875466
ST003348|AN005483|ME875442,0.09468749299210373,-0.01562963607956651,Linoleoylethanolamide,Linoleoyl-EA,ME875442
ST003348|AN005483|ME875467,0.09964618346740894,-0.01424093160232415,Linoleylcarnitine(AcCa(18:2),CAR 18:2,ME875467
ST003348|AN005483|ME875270,-0.03607085647552433,0.016170450774857185,L-Isoleucine,Isoleucine,ME875270
ST003348|AN005483|ME875349,0.05512735228063571,-0.03523917820168004,L-Kynurenine,Kynurenine,ME875349
ST003348|AN005483|ME875271,-0.03612611285527828,0.016160152612374645,L-Leucine,Leucine,ME875271
ST003348|AN005483|ME875547,-0.05790617909254868,0.006196463349497839,L-Lysine,Lysine,ME875547
ST003348|AN005483|ME875372,-0.01474185250907715,0.021843051656032727,L-Methionine,Methionine,ME875372
ST003348|AN005483|ME875553,0.05546975855641673,0.037018740150597924,L-Phenylalanine,Phenylalanine,ME875553
ST003348|AN005483|ME875551,-0.054924351102457664,-0.007165524088100887,L-Proline,Proline,ME875551
ST003348|AN005483|ME875545,-0.06408010667733727,-0.012907797206373247,L-Serine,Serine,ME875545
ST003348|AN005483|ME875550,-0.06657135414679746,0.013589667357947734,L-Threonine,Threonine,ME875550
ST003348|AN005483|ME875325,0.048526020785772665,0.03911793262204504,L-Tryptophan,Tryptophan,ME875325
ST003348|AN005483|ME875554,0.042250862934846284,-0.05292496166319946,L-Tyrosine,Tyrosine,ME875554
ST003348|AN005483|ME875481,-0.016041784935292517,0.06405783005241046,LysoPC(0:0/14:0),LPC 0:0/14:0,ME875481
ST003348|AN005483|ME875495,-0.05457175258669429,0.10332016681161758,LysoPC(0:0/16:0),LPC 0:0/16:0,ME875495
ST003348|AN005483|ME875493,0.011724413428572908,0.00744196124474106,LysoPC(0:0/16:1),LPC 0:0/16:1,ME875493
ST003348|AN005483|ME875509,-0.03458593593892438,0.0808375299516617,LysoPC(0:0/18:1),LPC 0:0/18:1,ME875509
ST003348|AN005483|ME875507,-0.050015105892302986,0.13649439392648316,LysoPC(0:0/18:2),LPC 0:0/18:2,ME875507
ST003348|AN005483|ME875505,-0.015567276037380277,0.11271603104489882,LysoPC(0:0/18:3),LPC 0:0/18:3,ME875505
ST003348|AN005483|ME875517,0.009227364384249674,0.012452647681058948,LysoPC(0:0/19:0),LPC 0:0/19:0,ME875517
ST003348|AN005483|ME875523,0.002171490846922513,0.15735856786394506,LysoPC(0:0/20:3),LPC 0:0/20:3,ME875523
ST003348|AN005483|ME875521,0.008905894839971269,0.05060007417790557,LysoPC(0:0/20:4),LPC 0:0/20:4,ME875521
ST003348|AN005483|ME875519,-0.008786611540688953,0.02728378899056503,LysoPC(0:0/20:5),LPC 0:0/20:5,ME875519
ST003348|AN005483|ME875530,-0.01503435285943138,-0.00791421631041774,LysoPC(0:0/22:4),LPC 0:0/22:4,ME875530
ST003348|AN005483|ME875482,-0.006310084049169339,0.07388893215416743,LysoPC(14:0/0:0),LPC 14:0/0:0,ME875482
ST003348|AN005483|ME875491,-0.01112121347712708,0.07631272067930285,LysoPC(15:0/0:0),LPC 15:0/0:0,ME875491
ST003348|AN005483|ME875480,0.016858580047029562,0.07083806678819939,LysoPC(15:0p/0:0),,ME875480
ST003348|AN005483|ME875496,-0.03068778275834205,0.11173917605416847,LysoPC(16:0/0:0),LPC 16:0/0:0,ME875496
ST003348|AN005483|ME875492,0.009821388472098102,0.1465797953630538,LysoPC(16:0e/0:0),,ME875492
ST003348|AN005483|ME875489,-0.014820284817365253,0.11794535798766113,LysoPC(16:0p/0:0),LPC P-16:0,ME875489
ST003348|AN005483|ME875494,-0.01115853519480827,0.11058364424674065,LysoPC(16:1/0:0),LPC 16:1/0:0,ME875494
ST003348|AN005483|ME875486,0.01237801864205761,0.024150340671395196,LysoPC(16:1p),LPC P-16:1,ME875486
ST003348|AN005483|ME875504,0.02339884110538624,0.11519788619528204,LysoPC(17:0/0:0),LPC 17:0/0:0,ME875504
ST003348|AN005483|ME875502,0.00865795277817794,0.13844226144331845,LysoPC(17:1/0:0),LPC 17:1/0:0,ME875502
ST003348|AN005483|ME875511,0.027913361495773992,0.12650880151584795,LysoPC(18:0/0:0),LPC 18:0/0:0,ME875511
ST003348|AN005483|ME875503,0.0062686995221091215,0.13446368513648746,LysoPC(18:0p/0:0),LPC P-18:0,ME875503
ST003348|AN005483|ME875510,-0.03109125948835613,0.1651196969924308,LysoPC(18:1/0:0),LPC 18:1/0:0,ME875510
ST003348|AN005483|ME875501,-0.004394169335524536,0.11066214668858783,LysoPC(18:1p/0:0),,ME875501
ST003348|AN005483|ME875508,-0.048053522031750485,0.13494773881069497,LysoPC(18:2/0:0),LPC 18:2/0:0,ME875508
ST003348|AN005483|ME875506,-0.01868742631379236,0.1399033785490897,LysoPC(18:3/0:0),LPC 18:3/0:0,ME875506
ST003348|AN005483|ME875518,-0.00552900059446453,0.0029259719842626357,LysoPC(19:0/0:0),LPC 19:0/0:0,ME875518
ST003348|AN005483|ME875526,-0.003360517332435649,0.1301612637297416,LysoPC(20:1/0:0),LPC 20:1/0:0,ME875526
ST003348|AN005483|ME875525,-0.004190276108186883,0.16840202265590568,LysoPC(20:2/0:0),LPC 20:2/0:0,ME875525
ST003348|AN005483|ME875524,-0.0009803801839249286,0.15496088636231994,LysoPC(20:3/0:0),LPC 20:3/0:0,ME875524
ST003348|AN005483|ME875522,-0.00946662157693466,0.11546874896878259,LysoPC(20:4/0:0),LPC 20:4/0:0,ME875522
ST003348|AN005483|ME875520,0.015658153388906363,0.1096812010816256,LysoPC(20:5/0:0),LPC 20:5/0:0,ME875520
ST003348|AN005483|ME875531,0.021420750478469443,0.13750796651840147,LysoPC(22:4/0:0),LPC 22:4/0:0,ME875531
ST003348|AN005483|ME875529,0.028629215448895327,0.14508350973279557,LysoPC(22:5n3/0:0)+LysoPC(0:0/22:5n6),,ME875529
ST003348|AN005483|ME875527,-0.03496755265754624,0.10945773985247935,LysoPC(22:6/0:0),LPC 22:6/0:0,ME875527
ST003348|AN005483|ME875474,-0.00988031405239529,0.026635449116510845,LysoPE(0:0/16:0),LPE 0:0/16:0,ME875474
ST003348|AN005483|ME875487,-0.014546950613473813,0.12157753163095569,LysoPE(0:0/18:1),LPE 0:0/18:1,ME875487
ST003348|AN005483|ME875484,-0.021769563136939413,0.12667245018550066,LysoPE(0:0/18:2),LPE 0:0/18:2,ME875484
ST003348|AN005483|ME875499,0.0443092147158166,0.08980384387912073,LysoPE(0:0/20:3),LPE 0:0/20:3,ME875499
ST003348|AN005483|ME875497,0.06355683825168647,0.11053433837522657,LysoPE(0:0/20:4),LPE 0:0/20:4,ME875497
ST003348|AN005483|ME875514,0.0850358152352341,0.11174221377996217,LysoPE(0:0/22:5n3),"LPE 0:0/22:5(7Z,10Z,13Z,16Z,19Z)",ME875514
ST003348|AN005483|ME875515,0.017458499938097515,0.1271060505708162,LysoPE(0:0/22:5n6)+LysoPE(22:5n3/0:0),,ME875515
ST003348|AN005483|ME875512,0.04759288120116566,0.1040097135694009,LysoPE(0:0/22:6),LPE 0:0/22:6,ME875512
ST003348|AN005483|ME875475,-0.05370790811100638,0.09943410842104125,LysoPE(16:0/0:0),LPE 16:0/0:0,ME875475
ST003348|AN005483|ME875471,0.06022777635176072,0.11569354123169506,LysoPE(16:0p/0:0),LPE P-16:0,ME875471
ST003348|AN005483|ME875490,0.016764863413020935,0.13689889000196762,LysoPE(18:0/0:0),LPE 18:0/0:0,ME875490
ST003348|AN005483|ME875479,0.06237592414482292,0.10978237539521706,LysoPE(18:0p/0:0),LPE P-18:0,ME875479
ST003348|AN005483|ME875488,-0.022327766738995225,0.11577727680886478,LysoPE(18:1/0:0),LPE 18:1/0:0,ME875488
ST003348|AN005483|ME875478,0.06591918619501452,0.10731161180101433,LysoPE(18:1p/0:0),,ME875478
ST003348|AN005483|ME875485,-0.04097879051664921,0.1078511984766001,LysoPE(18:2/0:0),LPE 18:2/0:0,ME875485
ST003348|AN005483|ME875500,0.0030911606961538723,0.0802479182636615,LysoPE(20:3/0:0),LPE 20:3/0:0,ME875500
ST003348|AN005483|ME875498,-0.029090812567309846,0.11262806080083124,LysoPE(20:4/0:0),LPE 20:4/0:0,ME875498
ST003348|AN005483|ME875516,0.00039705596262175417,0.0758269205519208,LysoPE(22:5n6/0:0),,ME875516
ST003348|AN005483|ME875513,-0.02855539457317645,0.061573097389669464,LysoPE(22:6/0:0),LPE 22:6/0:0,ME875513
ST003348|AN005483|ME875303,-0.053960600000348885,0.003912089465081817,Methionine sulfoxide,Methionine sulfoxide,ME875303
ST003348|AN005483|ME875320,0.022633322636615452,0.01891496533131422,Methylcysteine,Methylcysteine,ME875320
ST003348|AN005483|ME875419,0.05963547017616737,-0.027361506308400542,Methylglutarylcarnitine(AcCa(iso6:0-DC),CAR DC5:0;3Me,ME875419
ST003348|AN005483|ME875279,0.0552809671605722,0.04043919858214097,Methylimidazoleacetic acid,Methylimidazoleacetic acid,ME875279
ST003348|AN005483|ME875401,0.03714040811110845,-0.0030021154707518,Metoprol,,ME875401
ST003348|AN005483|ME875309,-0.011863824783767839,0.057610368160901836,Metronidazole,Metronidazole,ME875309
ST003348|AN005483|ME875324,0.011490284928694812,-0.055552782660579836,N1-Acetylspermidine+N8-Acetylspermidine,N1-Acetylspermidine,ME875324
ST003348|AN005483|ME875308,0.06433043192208113,0.00764107032028834,N1-Methyl-2-pyridone-5-carboxamide,N1-Methyl-2-pyridone-5-carboxamide,ME875308
ST003348|AN005483|ME875305,-0.0005497875330765971,0.00657101271641348,N2-Methylguanine,N2-Methylguanine,ME875305
ST003348|AN005483|ME875435,0.10663869907832918,0.003961529909106018,"N2,N2-Dimethylguanosine","N2,N2-Dimethylguanosine",ME875435
ST003348|AN005483|ME875322,0.040332012873506316,-0.08270908948098966,N-(3-acetamidopropyl)pyrrolidin-2-one,Acisoga,ME875322
ST003348|AN005483|ME875327,0.07003007444738402,-0.025956519594142358,N6-Acetyl-L-lysine,N6-Acetyllysine,ME875327
ST003348|AN005483|ME875413,0.043506248401056255,0.009820733979671524,N6-Methyladenosine,N6-Methyladenosine,ME875413
ST003348|AN005483|ME875300,0.0007909940276863939,-0.08469514936155775,N(6)-Methyllysine,N(6)-Methyllysine,ME875300
ST003348|AN005483|ME875332,0.026515325305657474,0.07481931925570508,"N6,N6,N6-Trimethyl-L-lysine",N-6-Trimethyllysine,ME875332
ST003348|AN005483|ME875351,0.079634351272401,0.04319864440450347,N-a-Acetyl-L-arginine,N-Acetylarginine,ME875351
ST003348|AN005483|ME875313,0.05677024023631877,0.0032047607802738495,N-Acetylasparagine,N-Acetylasparagine,ME875313
ST003348|AN005483|ME875282,0.02085435923359035,0.003727109385990417,N-Acetylcadaverine,N-Acetylcadaverine,ME875282
ST003348|AN005483|ME875323,0.06508472853527789,-0.023706687861852992,N-Acetylglutamic acid,N-Acetylglutamic acid,ME875323
ST003348|AN005483|ME875307,0.03243422582467835,0.05643431023804317,N-Acetylglutamine,N-Acetylglutamine,ME875307
ST003348|AN005483|ME875559,-0.006614775382366149,0.02498857599046934,N-Acetylisoleucine,N-Acetylisoleucine,ME875559
ST003348|AN005483|ME875312,0.026784535394570836,0.03386383100881838,N-Acetylleucine,N-Acetylleucine,ME875312
ST003348|AN005483|ME875348,0.10111653844491891,0.02927874773958534,N-Acetyl-L-phenylalanine,N-Acetylphenylalanine,ME875348
ST003348|AN005483|ME875314,0.023798540293470692,-0.039280579208052335,N-Acetylornithine,N-Acetylornithine,ME875314
ST003348|AN005483|ME875268,0.02498193555561155,-0.03229717380139932,N-Acetylputrescine,N-Acetylputrescine,ME875268
ST003348|AN005483|ME875290,0.10266682622665547,0.009942316903022939,N-acetyltryptophan,N-Acetyl-tryptophan,ME875290
ST003348|AN005483|ME875357,0.050245073297374335,-0.02179473512806684,N-Acetyltyrosine,N-Acetyltyrosine,ME875357
ST003348|AN005483|ME875274,0.012946567344863455,-0.00937143194321587,N-gamma-Glu-Gln,,ME875274
ST003348|AN005483|ME875386,0.03223095074022793,0.008482935077036487,N-Hexosyl Alanine,,ME875386
ST003348|AN005483|ME875432,0.0005502295019364588,-0.02306884994527102,N-Hexosyl Glutamine,,ME875432
ST003348|AN005483|ME875421,0.011275436506511005,-0.016041434656007852,N-Hexosyl Isoleucine,,ME875421
ST003348|AN005483|ME875263,-0.004879536448055674,0.0023794646863342962,N-Hexosyl Leucine,,ME875263
ST003348|AN005483|ME875433,-0.004918353386245024,-0.0018866713861480622,N-Hexosyl Lysine,,ME875433
ST003348|AN005483|ME875443,0.05224566062138879,0.00029764832761230916,N-Hexosyl Phenylalanine,,ME875443
ST003348|AN005483|ME875404,-0.002061339894503221,-0.012140592321337788,N-Hexosyl Proline,,ME875404
ST003348|AN005483|ME875455,0.0564520907965504,0.0044627313972497645,N-Hexosyl tryptophan,,ME875455
ST003348|AN005483|ME875448,0.018339005231357175,-0.04268452270322456,N-Hexosyl Tyrosine,,ME875448
ST003348|AN005483|ME875409,0.025106084587568578,-0.007412479042990347,N-Hexosyl Valine,,ME875409
ST003348|AN005483|ME875262,0.08098629035720749,0.020405829946873375,Niacinamide,Niacinamide,ME875262
ST003348|AN005483|ME875298,0.018922427816250892,-0.01968574287795242,"N,N,N-trimethyl-5-aminovaleric acid",delta-Valerobetaine,ME875298
ST003348|AN005483|ME875360,0.07586762531300577,0.01996505729679678,"N,N,N-Trimethyl-alanyl-proline betaine","N,N,N-Trimethyl-alanylproline betaine",ME875360
ST003348|AN005483|ME875430,0.10207628134347849,-0.0399017053115721,Nonanoylcarnitine(AcCa(9:0),CAR 9:0,ME875430
ST003348|AN005483|ME875415,0.009567417085931526,-0.002157454656139934,Octadecanamide,Stearamide,ME875415
ST003348|AN005483|ME875462,-0.04372384612545947,-0.010724183730914386,Octaethylene glycol(PEG-8),Octaethylene glycol,ME875462
ST003348|AN005483|ME875418,0.09516245522183887,-0.04633938502393132,Octanoylcarnitine(AcCa(8:0),CAR 8:0,ME875418
ST003348|AN005483|ME875417,0.06250637514514056,-0.023828617829731086,Octenoylcarnitine(AcCa(8:1),CAR 8:1,ME875417
ST003348|AN005483|ME875563,0.08700971203151575,-0.004289539667226694,Octenoylcarnitine(AcCa(8:1) isomer,CAR 8:1,ME875563
ST003348|AN005483|ME875414,0.01465043298645578,-0.010859185070018821,Oleamide,Oleamide,ME875414
ST003348|AN005483|ME875468,0.10368355617344104,-0.03815549785973514,Oleoylcarnitine(AcCa(18:1),CAR 18:1(9Z),ME875468
ST003348|AN005483|ME875541,-0.03846641175508487,0.05901293683997353,Ornithine,Ornithine,ME875541
ST003348|AN005483|ME875389,0.00937622153687188,-0.000654708291515157,Palmitic amide,Palmitamide,ME875389
ST003348|AN005483|ME875465,0.09712815689432223,-0.02504220529144733,Palmitoylcarnitine(AcCa(16:0),CAR 16:0,ME875465
ST003348|AN005483|ME875321,0.10530922917407758,0.014594660100894977,Palmitoylethanolamide,Palmitoyl-EA,ME875321
ST003348|AN005483|ME875542,0.07570993489286573,-0.046363891372303734,Pantothenic acid,Pantothenic acid,ME875542
ST003348|AN005483|ME875347,-0.02577299101244725,0.004650327773285806,Pantothenol,Pantothenol,ME875347
ST003348|AN005483|ME875423,0.04722674786531975,-0.0319047044757391,Phe-Glu,Phe-Glu,ME875423
ST003348|AN005483|ME875355,0.03276210220189694,-0.08682077414873947,Phe-Gly,Phe-Gly,ME875355
ST003348|AN005483|ME875285,0.060609438565277396,0.05475829354572347,Phe-Ile,Phe-Ile,ME875285
ST003348|AN005483|ME875295,0.02881282131162343,-0.02405799897735874,Phenylacetylglutamine,alpha-N-Phenylacetylglutamine,ME875295
ST003348|AN005483|ME875336,-0.013332287688453116,-0.00040754946899631487,Phenylacetylglycine,Phenylacetylglycine,ME875336
ST003348|AN005483|ME875294,0.07455395619280585,0.014968413121414547,Phe-Phe,Phe-Phe,ME875294
ST003348|AN005483|ME875387,0.048417653684294785,-0.024117141410538855,Phe-Ser,Phe-Ser,ME875387
ST003348|AN005483|ME875451,0.09038835894425594,-0.004535805396561881,Phe-Trp,Phe-Trp,ME875451
ST003348|AN005483|ME875441,0.009042811928005573,0.00856320699016673,Phytosphingosine,Phytosphingosine,ME875441
ST003348|AN005483|ME875557,-0.031416043618638465,-0.07996447883905475,Pipecolic acid,Pipecolic acid,ME875557
ST003348|AN005483|ME875358,0.07903925544918136,0.0037008822116746175,Porphobilinogen,Porphobilinogen,ME875358
ST003348|AN005483|ME875359,-0.01597570502177406,-0.08843646060888496,Pro-Hyp,,ME875359
ST003348|AN005483|ME875281,-0.0031948905395443217,-0.007360006577412976,Proline betaine,Proline betaine,ME875281
ST003348|AN005483|ME875352,0.09638775158228553,0.013401263784810349,Propionylcarnitine(AcCa(3:0),CAR 3:0,ME875352
ST003348|AN005483|ME875273,-0.023384616465340437,0.03807989991361026,Propylparaben,Propylparaben,ME875273
ST003348|AN005483|ME875532,0.027883613052547444,0.007538739572006945,Pyroglutamic acid,Pyroglutamic acid,ME875532
ST003348|AN005483|ME875264,0.044099514378437496,0.0899078303400569,Pyroglutamine,Pyroglutamine,ME875264
ST003348|AN005483|ME875306,-0.005306395471384502,0.002030317500367541,Quinolinic acid,Quinolinic acid,ME875306
ST003348|AN005483|ME875354,0.06785609047450392,-0.0028508158919142283,Ser-Leu,Ser-Leu,ME875354
ST003348|AN005483|ME875297,0.07898042269925888,-0.013216537830506813,Serotonin,Serotonin,ME875297
ST003348|AN005483|ME875388,0.06566154799505783,-0.015507906224436938,Ser-Phe,Ser-Phe,ME875388
ST003348|AN005483|ME875302,0.06455361179819219,-0.046653889432693274,S-Methylmethionine,S-Methylmethionine,ME875302
ST003348|AN005483|ME875289,0.07618727903681158,0.023098782615091566,Spermidine,Spermidine,ME875289
ST003348|AN005483|ME875340,0.06289040251066845,0.02656049201833803,Spermine,Spermine,ME875340
ST003348|AN005483|ME875431,0.09979608658305103,0.011170300141279501,Sphinganine,Sphinganine,ME875431
ST003348|AN005483|ME875460,0.09953290045708982,0.0001603859472695537,Sphinganine 1-phosphate,Sphinganine 1-phosphate,ME875460
ST003348|AN005483|ME875429,0.0989698438117344,0.007340125607067424,Sphingosine,Sphingosine,ME875429
ST003348|AN005483|ME875459,0.0662193317014011,0.0029785226473487583,Sphingosine 1-phosphate,Sphingosine 1-phosphate,ME875459
ST003348|AN005483|ME875469,0.08320398340854268,0.010247147186706114,Stearoylcarnitine(AcCa(18:0),CAR 18:0,ME875469
ST003348|AN005483|ME875444,0.06144219295889129,0.041993943728822106,Stearoylethanolamide,Stearoyl-EA,ME875444
ST003348|AN005483|ME875397,0.059974836396442556,-0.04113920472100525,Succinylcarnitine(AcCa(4:0-DC),CAR DC4:0,ME875397
ST003348|AN005483|ME875534,0.08632312869858674,0.0584861029471269,Taurine,Taurine,ME875534
ST003348|AN005483|ME875291,0.10825312667701589,-0.038513188773196705,Tetradecadiencarnitine(AcCa(14:2) 1,CAR 14:2,ME875291
ST003348|AN005483|ME875537,-0.040992483579584085,-0.0168814549310269,Tetradecaethylene glycol(PEG-14),,ME875537
ST003348|AN005483|ME875458,0.100772693706843,-0.06649916152491356,Tetradecanoylcarnitine(AcCa(14:0),CAR 14:0,ME875458
ST003348|AN005483|ME875457,0.10870353900980918,-0.05413135019132272,Tetradecenoylcarnitine(AcCa(14:1),CAR 14:1,ME875457
ST003348|AN005483|ME875338,0.01094941141068334,0.015761530809185492,Tetraethylene glycol(PEG-4),Tetraethylene glycol,ME875338
ST003348|AN005483|ME875318,0.006911302327527513,-0.015604944550392397,Theobromine,Theobromine,ME875318
ST003348|AN005483|ME875319,0.004788051425583937,0.03589225532693781,Theophylline,Theophylline,ME875319
ST003348|AN005483|ME875535,0.010440619985384487,0.06156959156353089,Thyroxine,Thyroxine,ME875535
ST003348|AN005483|ME875373,0.11290816636075404,0.029105411563487598,Tiglylcarnitine(AcCa(5:1),CAR 4:1;2Me,ME875373
ST003348|AN005483|ME875453,0.10042396176618021,-0.03787125636670922,Tridecanoylcarnitine(AcCa(13:0),CAR 13:0,ME875453
ST003348|AN005483|ME875276,-0.003133991735158755,0.05966167896307489,Trigonelline,Trigonelline,ME875276
ST003348|AN005483|ME875538,0.006523529774414345,0.05399156189557028,Trimethylamine N-oxide,Trimethylamine N-oxide,ME875538
ST003348|AN005483|ME875280,-0.010726503711688377,-0.03243006780980939,Tryptamine,Tryptamine,ME875280
ST003348|AN005483|ME875266,0.027181156223087238,-0.014782194582842119,Tryptophan 2-C-mannoside,alpha-C-Mannosyltryptophan,ME875266
ST003348|AN005483|ME875384,0.0037280158953647315,-0.062299694074849636,Tryptophan betaine,Lenticin,ME875384
ST003348|AN005483|ME875445,0.09485634610038153,-0.03880191117888135,Undecanoylcarnitine(AcCa(11:0),CAR 11:0,ME875445
ST003348|AN005483|ME875437,0.053035128475554014,0.0028380142802133536,Uracil,Uracil,ME875437
ST003348|AN005483|ME875261,0.08141814024554796,0.07190991861779242,Urea,Urea,ME875261
ST003348|AN005483|ME875456,0.05017591934866305,-0.056668785727005865,Uric acid,Uric acid,ME875456
ST003348|AN005483|ME875374,0.06889546005709525,0.0036002691250294973,Uridine+Pseudouridine,Uridine,ME875374
ST003348|AN005483|ME875277,-0.02919952312700002,-0.028603965903324688,Urocanic acid,Urocanic acid,ME875277
ST003348|AN005483|ME875365,0.0459268070505664,0.03958650219887276,Val-Ile + Leu-Val,,ME875365
ST003348|AN005483|ME875366,0.037703715463157976,-0.08204558240524265,Val-Leu,Val-Leu,ME875366
ST003348|AN005483|ME875440,0.09892536781750208,-0.03218590559738421,Xanthine,Xanthine,ME875440
